datetime,open,high,low,close,volume
2026-03-10T19:00:00+00:00,47825.58,47906.08,47654.08,47700.08,73800
2026-03-10T20:00:00+00:00,47700.08,47763.34,47696.34,47718.98,8459
2026-03-10T22:00:00+00:00,47718.98,47738.64,47649.64,47667.14,4724
2026-03-10T23:00:00+00:00,47667.14,47754.64,47663.64,47742.64,5193
2026-03-11T00:00:00+00:00,47742.64,47863.64,47739.64,47828.64,14926
2026-03-11T01:00:00+00:00,47828.64,47904.64,47813.64,47881.64,9788
2026-03-11T02:00:00+00:00,47881.64,47907.14,47852.64,47885.14,5886
2026-03-11T03:00:00+00:00,47885.14,47929.14,47873.64,47918.64,3805
2026-03-11T04:00:00+00:00,47918.64,47920.64,47879.14,47883.64,3083
2026-03-11T05:00:00+00:00,47883.64,47892.14,47807.14,47811.64,8566
2026-03-11T06:00:00+00:00,47811.64,47845.15,47788.15,47829.65,9213
2026-03-11T07:00:00+00:00,47829.65,47841.65,47678.15,47727.65,15425
2026-03-11T08:00:00+00:00,47727.65,47761.65,47559.65,47610.15,24774
2026-03-11T09:00:00+00:00,47610.15,47616.15,47507.15,47521.15,19967
2026-03-11T10:00:00+00:00,47521.15,47793.65,47521.15,47793.65,19072
2026-03-11T11:00:00+00:00,47793.65,47833.15,47567.15,47615.65,24842
2026-03-11T12:00:00+00:00,47615.65,47717.65,47463.15,47510.65,28622
2026-03-11T13:00:00+00:00,47510.65,47698.39,47360.39,47487.89,84896
2026-03-11T14:00:00+00:00,47487.89,47672.39,47274.39,47559.39,120250
2026-03-11T15:00:00+00:00,47559.39,47613.89,47203.39,47212.89,80115
2026-03-11T16:00:00+00:00,47212.89,47387.39,47166.89,47385.39,55602
2026-03-11T17:00:00+00:00,47385.39,47450.39,47206.89,47318.89,63076
2026-03-11T18:00:00+00:00,47318.89,47392.39,47240.39,47330.39,49732
2026-03-11T19:00:00+00:00,47330.39,47431.39,47265.39,47411.89,38698
2026-03-11T20:00:00+00:00,47411.89,47417.65,47325.15,47337.79,6804
2026-03-11T22:00:00+00:00,47337.79,47337.79,47064.65,47099.15,12013
2026-03-11T23:00:00+00:00,47099.15,47112.65,46893.65,47007.65,16870
2026-03-12T00:00:00+00:00,47007.65,47017.65,46884.15,46966.15,17329
2026-03-12T01:00:00+00:00,46966.15,47016.65,46900.65,46938.65,14712
2026-03-12T02:00:00+00:00,46938.65,46963.15,46786.15,46835.65,12434
2026-03-12T03:00:00+00:00,46835.65,46876.15,46805.65,46846.65,7008
2026-03-12T04:00:00+00:00,46846.65,46896.15,46834.65,46835.65,5296
2026-03-12T05:00:00+00:00,46835.65,46924.65,46833.65,46902.15,12024
2026-03-12T06:00:00+00:00,46902.15,46984.16,46873.66,46975.16,8471
2026-03-12T07:00:00+00:00,46975.16,47098.16,46968.66,47096.66,10741
2026-03-12T08:00:00+00:00,47096.66,47192.16,47064.16,47138.66,18751
2026-03-12T09:00:00+00:00,47138.66,47194.16,47006.66,47178.66,16232
2026-03-12T10:00:00+00:00,47178.66,47197.16,47108.16,47116.16,12855
2026-03-12T11:00:00+00:00,47116.16,47197.66,47069.66,47070.16,14497
2026-03-12T12:00:00+00:00,47070.16,47081.66,46953.66,47014.66,22588
2026-03-12T13:00:00+00:00,47014.66,47048.66,46771.4,46796.4,97318
2026-03-12T14:00:00+00:00,46796.4,46995.4,46704.4,46817.4,111589
2026-03-12T15:00:00+00:00,46817.4,46910.4,46664.4,46848.4,90836
2026-03-12T16:00:00+00:00,46848.4,47058.4,46751.4,46865.9,78554
2026-03-12T17:00:00+00:00,46865.9,46984.4,46750.4,46798.9,60558
2026-03-12T18:00:00+00:00,46798.9,46882.9,46722.4,46732.4,45073
2026-03-12T19:00:00+00:00,46732.4,46850.4,46656.4,46659.4,44753
2026-03-12T20:00:00+00:00,46659.4,46732.66,46649.66,46717.3,7847
2026-03-12T22:00:00+00:00,46717.3,46783.69,46665.19,46769.69,10178
2026-03-12T23:00:00+00:00,46769.69,46793.19,46719.19,46723.69,8358
2026-03-13T00:00:00+00:00,46723.69,46924.69,46678.69,46887.69,21889
2026-03-13T01:00:00+00:00,46887.69,46943.69,46856.69,46868.19,13917
2026-03-13T02:00:00+00:00,46868.19,46894.69,46833.69,46843.69,10428
2026-03-13T03:00:00+00:00,46843.69,46883.69,46825.19,46873.69,9840
2026-03-13T04:00:00+00:00,46873.69,46877.69,46787.69,46815.19,8306
2026-03-13T05:00:00+00:00,46815.19,46846.69,46788.69,46828.69,9531
2026-03-13T06:00:00+00:00,46828.69,46836.7,46653.2,46657.7,14109
2026-03-13T07:00:00+00:00,46657.7,46667.2,46511.2,46544.7,24947
2026-03-13T08:00:00+00:00,46544.7,46641.2,46408.7,46625.7,36127
2026-03-13T09:00:00+00:00,46625.7,46711.7,46625.7,46668.7,24011
2026-03-13T10:00:00+00:00,46668.7,46807.2,46662.2,46805.2,20465
2026-03-13T11:00:00+00:00,46805.2,46881.2,46769.7,46875.7,24201
2026-03-13T12:00:00+00:00,46875.7,47000.2,46808.7,46887.7,32458
2026-03-13T13:00:00+00:00,46887.7,47108.94,46844.7,46927.84,77163
2026-03-13T14:00:00+00:00,46927.84,46993.94,46700.44,46720.94,98668
2026-03-13T15:00:00+00:00,46720.94,46809.94,46617.44,46632.44,84679
2026-03-13T16:00:00+00:00,46632.44,46726.44,46583.44,46612.94,70349
2026-03-13T17:00:00+00:00,46612.94,46726.94,46538.94,46586.44,60837
2026-03-13T18:00:00+00:00,46586.44,46710.94,46574.44,46658.94,45227
2026-03-13T19:00:00+00:00,46658.94,46664.94,46477.94,46545.94,46817
2026-03-13T20:00:00+00:00,46545.94,46554.2,46488.2,46532.84,6287
2026-03-15T22:00:00+00:00,46532.84,46692.71,46370.21,46673.21,12322
2026-03-15T23:00:00+00:00,46673.21,46722.21,46576.71,46636.21,25005
2026-03-16T00:00:00+00:00,46636.21,46746.71,46622.21,46729.71,34776
2026-03-16T01:00:00+00:00,46729.71,46775.21,46676.21,46763.21,33947
2026-03-16T02:00:00+00:00,46763.21,46764.21,46684.21,46698.71,20065
2026-03-16T03:00:00+00:00,46698.71,46771.71,46695.36,46764.21,9093
2026-03-16T04:00:00+00:00,46764.21,46783.71,46721.71,46721.71,9039
2026-03-16T05:00:00+00:00,46721.71,46794.21,46710.71,46785.71,9289
2026-03-16T06:00:00+00:00,46785.71,46796.72,46745.72,46788.22,7217
2026-03-16T07:00:00+00:00,46788.22,46806.72,46656.22,46682.72,22883
2026-03-16T08:00:00+00:00,46682.72,46768.22,46635.22,46665.22,43594
2026-03-16T09:00:00+00:00,46665.22,46677.72,46568.22,46586.22,38764
2026-03-16T10:00:00+00:00,46586.22,46802.72,46578.22,46794.72,36708
2026-03-16T11:00:00+00:00,46794.72,46832.72,46734.72,46823.72,33667
2026-03-16T12:00:00+00:00,46823.72,46951.72,46823.22,46881.22,32668
2026-03-16T13:00:00+00:00,46881.22,47139.96,46850.46,47136.46,57975
2026-03-16T14:00:00+00:00,47136.46,47182.96,46825.96,47044.96,63483
2026-03-16T15:00:00+00:00,47044.96,47084.96,46916.46,46922.46,27086
2026-03-16T16:00:00+00:00,46922.46,46992.46,46812.96,46903.96,19248
2026-03-16T17:00:00+00:00,46903.96,46979.46,46835.96,46895.96,18191
2026-03-16T18:00:00+00:00,46895.96,47041.96,46895.46,46978.96,13110
2026-03-16T19:00:00+00:00,46978.96,47092.46,46895.96,46935.96,20615
2026-03-16T20:00:00+00:00,46935.96,46967.72,46887.22,46925.86,5295
2026-03-16T22:00:00+00:00,46925.86,46941.22,46876.87,46892.22,10121
2026-03-16T23:00:00+00:00,46892.22,46936.72,46890.87,46923.72,10635
2026-03-17T00:00:00+00:00,46923.72,46924.22,46814.22,46820.72,21578
2026-03-17T01:00:00+00:00,46820.72,46877.22,46820.72,46864.22,20906
2026-03-17T02:00:00+00:00,46864.22,46865.22,46809.72,46809.72,13200
2026-03-17T03:00:00+00:00,46809.72,46851.72,46795.72,46810.72,14527
2026-03-17T04:00:00+00:00,46810.72,46875.22,46800.72,46859.22,12603
2026-03-17T05:00:00+00:00,46859.22,46875.22,46732.72,46735.22,17282
2026-03-17T06:00:00+00:00,46735.22,46744.73,46672.73,46712.23,31781
2026-03-17T07:00:00+00:00,46712.23,46808.73,46686.23,46755.23,27267
2026-03-17T08:00:00+00:00,46755.23,46840.73,46732.23,46798.23,48648
2026-03-17T09:00:00+00:00,46798.23,46945.73,46797.23,46929.23,32862
2026-03-17T10:00:00+00:00,46929.23,46939.23,46837.73,46899.23,25597
2026-03-17T11:00:00+00:00,46899.23,46958.23,46886.73,46899.23,31928
2026-03-17T12:00:00+00:00,46899.23,47124.73,46896.23,47101.23,35984
2026-03-17T13:00:00+00:00,47101.23,47420.97,47098.23,47330.97,62318
2026-03-17T14:00:00+00:00,47330.97,47330.97,47054.97,47200.47,67863
2026-03-17T15:00:00+00:00,47200.47,47213.47,47016.47,47043.97,62902
2026-03-17T16:00:00+00:00,47043.97,47099.47,46982.47,47047.47,59788
2026-03-17T17:00:00+00:00,47047.47,47118.47,47028.47,47072.47,33817
2026-03-17T18:00:00+00:00,47072.47,47117.47,46993.97,47046.47,37085
2026-03-17T19:00:00+00:00,47046.47,47065.47,46969.47,46995.97,32965
2026-03-17T20:00:00+00:00,46995.97,47020.73,46982.23,46994.37,9853
2026-03-17T22:00:00+00:00,46994.37,47002.61,46943.96,46978.46,5110
2026-03-17T23:00:00+00:00,46978.46,46991.96,46931.46,46939.96,4696
2026-03-18T00:00:00+00:00,46939.96,47039.46,46932.96,47033.46,10323
2026-03-18T01:00:00+00:00,47033.46,47085.46,47033.46,47077.96,12165
2026-03-18T02:00:00+00:00,47077.96,47147.46,47077.96,47135.96,7054
2026-03-18T03:00:00+00:00,47135.96,47181.96,47130.96,47175.46,4670
2026-03-18T04:00:00+00:00,47175.46,47232.96,47174.46,47214.96,4468
2026-03-18T05:00:00+00:00,47214.96,47243.96,47209.96,47232.96,5725
2026-03-18T06:00:00+00:00,47232.96,47298.97,47224.47,47265.97,10473
2026-03-18T07:00:00+00:00,47265.97,47278.97,47235.97,47240.97,7809
2026-03-18T08:00:00+00:00,47240.97,47287.47,47227.47,47260.97,20578
2026-03-18T09:00:00+00:00,47260.97,47276.97,47229.47,47244.47,14726
2026-03-18T10:00:00+00:00,47244.47,47261.97,47201.97,47207.97,6834
2026-03-18T11:00:00+00:00,47207.97,47248.47,47095.47,47144.97,28290
2026-03-18T12:00:00+00:00,47144.97,47155.47,46732.47,46746.47,55321
2026-03-18T13:00:00+00:00,46746.47,46880.71,46703.47,46804.61,97402
2026-03-18T14:00:00+00:00,46804.61,46820.71,46516.21,46595.71,82664
2026-03-18T15:00:00+00:00,46595.71,46680.21,46538.21,46557.21,52738
2026-03-18T16:00:00+00:00,46557.21,46627.71,46506.21,46582.21,45678
2026-03-18T17:00:00+00:00,46582.21,46593.71,46474.21,46559.61,54505
2026-03-18T18:00:00+00:00,46559.61,46606.71,46302.71,46313.71,80202
2026-03-18T19:00:00+00:00,46313.71,46392.21,46180.21,46213.71,38770
2026-03-18T20:00:00+00:00,46213.71,46218.47,46043.97,46073.11,7241
2026-03-18T22:00:00+00:00,46073.11,46155.79,46071.64,46101.64,4925
2026-03-18T23:00:00+00:00,46101.64,46176.14,46094.14,46148.64,9542
2026-03-19T00:00:00+00:00,46148.64,46188.14,46088.79,46139.64,26032
2026-03-19T01:00:00+00:00,46139.64,46203.64,46111.64,46160.64,19340
2026-03-19T02:00:00+00:00,46160.64,46302.14,46126.64,46263.14,19159
2026-03-19T03:00:00+00:00,46263.14,46292.14,46252.14,46252.14,8447
2026-03-19T04:00:00+00:00,46252.14,46253.14,46191.64,46217.14,14027
2026-03-19T05:00:00+00:00,46217.14,46239.14,46140.64,46166.14,16806
2026-03-19T06:00:00+00:00,46166.14,46249.15,46160.15,46205.65,16175
2026-03-19T07:00:00+00:00,46205.65,46238.65,46089.15,46123.15,32824
2026-03-19T08:00:00+00:00,46123.15,46184.15,46034.65,46104.65,48595
2026-03-19T09:00:00+00:00,46104.65,46268.15,46007.79,46237.65,53032
2026-03-19T10:00:00+00:00,46237.65,46237.65,46126.15,46142.15,30601
2026-03-19T11:00:00+00:00,46142.15,46183.65,46023.15,46085.79,41102
2026-03-19T12:00:00+00:00,46085.79,46130.15,45870.15,45910.65,53057
2026-03-19T13:00:00+00:00,45910.65,46073.89,45784.89,45991.79,119445
2026-03-19T14:00:00+00:00,45991.79,46058.39,45739.39,45847.89,144968
2026-03-19T15:00:00+00:00,45847.89,46014.39,45749.79,45853.89,79995
2026-03-19T16:00:00+00:00,45853.89,45961.89,45786.79,45824.89,25067
2026-03-19T17:00:00+00:00,45824.89,45897.89,45721.89,45833.39,14854
2026-03-19T18:00:00+00:00,45833.39,45959.89,45759.39,45943.39,15561
2026-03-19T19:00:00+00:00,45943.39,46243.39,45932.79,46015.39,36352
2026-03-19T20:00:00+00:00,46015.39,46104.79,45972.79,46064.79,4577.762702938733
2026-03-19T22:00:00+00:00,46064.79,46128.58,46041.58,46106.58,3734.5718923412974
2026-03-19T23:00:00+00:00,46106.58,46138.58,46078.08,46092.58,5427
2026-03-20T00:00:00+00:00,46092.58,46134.58,46051.58,46076.08,8819
2026-03-20T01:00:00+00:00,46076.08,46198.08,46062.58,46128.58,9871
2026-03-20T02:00:00+00:00,46128.58,46151.58,46111.08,46118.08,4938
2026-03-20T03:00:00+00:00,46118.08,46125.08,46084.58,46099.58,3791
2026-03-20T04:00:00+00:00,46099.58,46114.58,46066.58,46068.08,2634
2026-03-20T05:00:00+00:00,46068.08,46100.58,46039.58,46078.58,4887
2026-03-20T06:00:00+00:00,46078.58,46095.59,45970.09,45985.09,5229
2026-03-20T07:00:00+00:00,45985.09,46111.09,45923.59,46103.09,11228
2026-03-20T08:00:00+00:00,46103.09,46133.09,46028.09,46034.59,17893
2026-03-20T09:00:00+00:00,46034.59,46065.09,45788.59,45824.09,25075
2026-03-20T10:00:00+00:00,45824.09,45841.09,45666.09,45781.59,29343
2026-03-20T11:00:00+00:00,45781.59,45898.09,45773.59,45859.59,20997
2026-03-20T12:00:00+00:00,45859.59,45924.09,45800.09,45882.09,25672
2026-03-20T13:00:00+00:00,45882.09,46021.83,45797.83,45827.83,75163
2026-03-20T14:00:00+00:00,45827.83,45872.83,45629.83,45669.33,83494
2026-03-20T15:00:00+00:00,45669.33,45873.83,45636.83,45741.83,69154
2026-03-20T16:00:00+00:00,45741.83,45821.83,45678.83,45785.83,48687
2026-03-20T17:00:00+00:00,45785.83,45848.83,45669.83,45731.83,46475
2026-03-20T18:00:00+00:00,45731.83,45756.83,45452.83,45488.33,45360
2026-03-20T19:00:00+00:00,45488.33,45580.83,45315.83,45556.83,53047
2026-03-20T20:00:00+00:00,45556.83,45742.09,45542.09,45718.73,10658
2026-03-22T22:00:00+00:00,45718.73,45718.73,45191.08,45544.58,16119
2026-03-22T23:00:00+00:00,45544.58,45603.58,45475.58,45511.08,13856
2026-03-23T00:00:00+00:00,45511.08,45627.08,45444.08,45453.08,33046
2026-03-23T01:00:00+00:00,45453.08,45620.08,45421.08,45591.08,28966
2026-03-23T02:00:00+00:00,45591.08,45629.08,45501.08,45527.08,16359
2026-03-23T03:00:00+00:00,45527.08,45555.08,45394.08,45399.08,13899
2026-03-23T04:00:00+00:00,45399.08,45462.58,45388.58,45452.08,9741
2026-03-23T05:00:00+00:00,45452.08,45493.08,45364.08,45426.08,14747
2026-03-23T06:00:00+00:00,45426.08,45431.09,45224.59,45272.09,20285
2026-03-23T07:00:00+00:00,45272.09,45354.59,45138.59,45215.59,34127
2026-03-23T08:00:00+00:00,45215.59,45403.59,45215.59,45359.59,45352
2026-03-23T09:00:00+00:00,45359.59,45407.09,45202.59,45245.09,34638
2026-03-23T10:00:00+00:00,45245.09,45336.09,45156.59,45257.59,32102
2026-03-23T11:00:00+00:00,45257.59,46896.59,45256.59,46185.59,70085.58787878788
2026-03-23T12:00:00+00:00,46185.59,46617.09,46087.59,46560.09,68586
2026-03-23T13:00:00+00:00,46560.09,46609.59,46158.83,46499.83,71996
2026-03-23T14:00:00+00:00,46499.83,46617.83,46374.83,46575.33,72095
2026-03-23T15:00:00+00:00,46575.33,46712.83,46249.83,46255.83,61276
2026-03-23T16:00:00+00:00,46255.83,46330.33,46090.83,46205.83,66282
2026-03-23T17:00:00+00:00,46205.83,46414.33,46116.33,46405.83,54705
2026-03-23T18:00:00+00:00,46405.83,46508.83,46280.33,46436.83,42271
2026-03-23T19:00:00+00:00,46436.83,46440.83,46186.33,46197.83,36725
2026-03-23T20:00:00+00:00,46197.83,46228.59,46120.09,46197.73,8734
2026-03-23T22:00:00+00:00,46197.73,46327.58,46151.08,46316.08,8854
2026-03-23T23:00:00+00:00,46316.08,46316.08,46228.08,46272.58,9340
2026-03-24T00:00:00+00:00,46272.58,46272.58,45951.08,46061.58,30680
2026-03-24T01:00:00+00:00,46061.58,46067.08,45915.58,45964.08,29167
2026-03-24T02:00:00+00:00,45964.08,46035.08,45915.08,45968.08,22339
2026-03-24T03:00:00+00:00,45968.08,46012.58,45940.58,46011.58,14321
2026-03-24T04:00:00+00:00,46011.58,46042.08,45956.58,45975.58,9535
2026-03-24T05:00:00+00:00,45975.58,46053.58,45865.58,45969.58,18244
2026-03-24T06:00:00+00:00,45969.58,46191.09,45963.59,46165.09,14238
2026-03-24T07:00:00+00:00,46165.09,46343.09,46150.59,46282.09,26990
2026-03-24T08:00:00+00:00,46282.09,46340.09,46096.59,46119.09,40249
2026-03-24T09:00:00+00:00,46119.09,46195.09,45986.09,46172.59,30274
2026-03-24T10:00:00+00:00,46172.59,46195.09,46085.59,46162.09,24134
2026-03-24T11:00:00+00:00,46162.09,46197.59,45998.09,46158.09,28402
2026-03-24T12:00:00+00:00,46158.09,46181.59,45920.59,45944.59,35442
2026-03-24T13:00:00+00:00,45944.59,45974.09,45744.83,45891.83,72846
2026-03-24T14:00:00+00:00,45891.83,46313.33,45866.83,46196.33,91687
2026-03-24T15:00:00+00:00,46196.33,46400.33,46196.33,46240.33,66264
2026-03-24T16:00:00+00:00,46240.33,46347.83,46201.83,46288.33,56543
2026-03-24T17:00:00+00:00,46288.33,46302.33,46077.33,46218.33,65483
2026-03-24T18:00:00+00:00,46218.33,46376.83,46139.83,46243.83,48403
2026-03-24T19:00:00+00:00,46243.83,46310.33,46091.83,46116.33,37303
2026-03-24T20:00:00+00:00,46116.33,46600.59,46110.09,46392.23,41410
2026-03-24T22:00:00+00:00,46392.23,46486.58,46372.58,46456.08,10171
2026-03-24T23:00:00+00:00,46456.08,46485.58,46416.58,46440.08,7671
2026-03-25T00:00:00+00:00,46440.08,46593.58,46403.58,46528.08,19818
2026-03-25T01:00:00+00:00,46528.08,46560.08,46477.08,46482.08,23203
2026-03-25T02:00:00+00:00,46482.08,46489.08,46401.58,46403.08,16743
2026-03-25T03:00:00+00:00,46403.08,46444.08,46374.58,46444.08,9212
2026-03-25T04:00:00+00:00,46444.08,46529.08,46439.58,46514.58,7088
2026-03-25T05:00:00+00:00,46514.58,46520.08,46445.58,46457.58,9145
2026-03-25T06:00:00+00:00,46457.58,46487.09,46398.09,46454.59,11139
2026-03-25T07:00:00+00:00,46454.59,46524.59,46418.09,46505.09,15644
2026-03-25T08:00:00+00:00,46505.09,46669.09,46478.59,46496.59,30167
2026-03-25T09:00:00+00:00,46496.59,46564.59,46420.59,46493.59,21971
2026-03-25T10:00:00+00:00,46493.59,46559.59,46473.59,46505.09,18564
2026-03-25T11:00:00+00:00,46505.09,46638.59,46500.09,46601.09,19850
2026-03-25T12:00:00+00:00,46601.09,46661.59,46369.09,46538.59,41191
2026-03-25T13:00:00+00:00,46538.59,46740.33,46372.33,46380.33,64278
2026-03-25T14:00:00+00:00,46380.33,46546.33,46314.83,46517.83,75931
2026-03-25T15:00:00+00:00,46517.83,46559.33,46185.83,46422.33,70595
2026-03-25T16:00:00+00:00,46422.33,46515.33,46340.83,46466.83,52030
2026-03-25T17:00:00+00:00,46466.83,46581.83,46414.83,46468.33,42886
2026-03-25T18:00:00+00:00,46468.33,46539.33,46357.33,46426.83,34100
2026-03-25T19:00:00+00:00,46426.83,46477.83,46366.33,46427.83,37061
2026-03-25T20:00:00+00:00,46427.83,46458.09,46378.09,46410.73,7024
2026-03-25T22:00:00+00:00,46410.73,46437.08,46339.58,46357.08,6565
2026-03-25T23:00:00+00:00,46357.08,46379.58,46301.58,46358.58,5932
2026-03-26T00:00:00+00:00,46358.58,46457.08,46346.58,46370.08,10256
2026-03-26T01:00:00+00:00,46370.08,46408.08,46347.58,46377.58,15442
2026-03-26T02:00:00+00:00,46377.58,46400.08,46240.58,46284.58,14430
2026-03-26T03:00:00+00:00,46284.58,46437.58,46273.58,46397.58,10066
2026-03-26T04:00:00+00:00,46397.58,46404.08,46315.08,46323.08,7228
2026-03-26T05:00:00+00:00,46323.08,46344.08,46230.08,46233.08,11780
2026-03-26T06:00:00+00:00,46233.08,46293.09,46213.09,46285.59,13366
2026-03-26T07:00:00+00:00,46285.59,46292.59,46156.09,46249.09,15721
2026-03-26T08:00:00+00:00,46249.09,46316.59,46131.09,46190.09,24640
2026-03-26T09:00:00+00:00,46190.09,46216.09,46049.59,46105.59,22514
2026-03-26T10:00:00+00:00,46105.59,46190.09,46068.59,46116.09,18752
2026-03-26T11:00:00+00:00,46116.09,46148.59,46030.59,46033.09,16609
2026-03-26T12:00:00+00:00,46033.09,46127.09,45984.59,46078.09,22993
2026-03-26T13:00:00+00:00,46078.09,46518.83,46073.09,46513.83,62803
2026-03-26T14:00:00+00:00,46513.83,46551.83,46240.83,46325.83,86706
2026-03-26T15:00:00+00:00,46325.83,46389.33,46171.33,46214.83,61317
2026-03-26T16:00:00+00:00,46214.83,46242.83,46013.33,46098.33,46457
2026-03-26T17:00:00+00:00,46098.33,46138.33,45936.33,45949.33,38357
2026-03-26T18:00:00+00:00,45949.33,46057.83,45947.83,46036.33,34797
2026-03-26T19:00:00+00:00,46036.33,46042.33,45894.33,45936.33,34600
2026-03-26T20:00:00+00:00,45936.33,46466.09,45887.09,46025.23,35405
2026-03-26T22:00:00+00:00,46025.23,46135.08,46025.23,46112.58,14876
2026-03-26T23:00:00+00:00,46112.58,46175.58,46088.58,46166.58,7133
2026-03-27T00:00:00+00:00,46166.58,46209.08,46038.58,46049.08,19318
2026-03-27T01:00:00+00:00,46049.08,46134.58,46030.58,46123.58,14272
2026-03-27T02:00:00+00:00,46123.58,46142.58,46068.58,46072.58,8915
2026-03-27T03:00:00+00:00,46072.58,46133.58,46054.08,46131.58,7726
2026-03-27T04:00:00+00:00,46131.58,46152.58,46102.58,46146.08,5271
2026-03-27T05:00:00+00:00,46146.08,46227.58,46146.08,46181.58,9450
2026-03-27T06:00:00+00:00,46181.58,46222.09,46114.09,46131.09,10593
2026-03-27T07:00:00+00:00,46131.09,46133.09,46044.09,46079.59,12196
2026-03-27T08:00:00+00:00,46079.59,46104.59,45917.09,45927.09,27393
2026-03-27T09:00:00+00:00,45927.09,45971.59,45831.09,45862.09,23682
2026-03-27T10:00:00+00:00,45862.09,45923.09,45760.09,45772.09,20435
2026-03-27T11:00:00+00:00,45772.09,45845.09,45715.09,45797.09,21435
2026-03-27T12:00:00+00:00,45797.09,45806.09,45732.09,45739.09,22134
2026-03-27T13:00:00+00:00,45739.09,45762.09,45414.83,45464.23,67006
2026-03-27T14:00:00+00:00,45464.23,45618.33,45419.33,45586.33,86975
2026-03-27T15:00:00+00:00,45586.33,45714.33,45497.33,45543.33,71898
2026-03-27T16:00:00+00:00,45543.33,45553.33,45396.33,45457.33,54126
2026-03-27T17:00:00+00:00,45457.33,45549.33,45262.33,45267.33,46375
2026-03-27T18:00:00+00:00,45267.33,45288.33,45179.33,45214.83,42073
2026-03-27T19:00:00+00:00,45214.83,45232.33,45038.33,45123.83,48891
2026-03-27T20:00:00+00:00,45123.83,45146.59,44997.09,45043.73,14087
2026-03-29T22:00:00+00:00,45043.73,45043.73,44798.23,44937.98,20983
2026-03-29T23:00:00+00:00,44937.98,44975.98,44825.98,44864.48,20798
2026-03-30T00:00:00+00:00,44864.48,45026.48,44808.98,44867.98,54982
2026-03-30T01:00:00+00:00,44867.98,44971.48,44847.48,44965.98,35641
2026-03-30T02:00:00+00:00,44965.98,45087.98,44933.48,45058.98,22882
2026-03-30T03:00:00+00:00,45058.98,45145.98,45052.48,45114.98,16181
2026-03-30T04:00:00+00:00,45114.98,45167.98,45103.48,45114.98,9064
2026-03-30T05:00:00+00:00,45114.98,45187.98,45113.98,45166.48,12706
2026-03-30T06:00:00+00:00,45166.48,45294.48,45158.48,45247.98,15913
2026-03-30T07:00:00+00:00,45247.98,45336.48,45214.98,45322.98,20064
2026-03-30T08:00:00+00:00,45322.98,45389.98,45276.48,45379.48,19971
2026-03-30T09:00:00+00:00,45379.48,45391.98,45282.98,45323.98,17605
2026-03-30T10:00:00+00:00,45323.98,45388.48,45307.48,45387.98,13892
2026-03-30T11:00:00+00:00,45387.98,45661.98,45386.48,45443.48,34919
2026-03-30T12:00:00+00:00,45443.48,45537.98,45400.48,45518.48,20724
2026-03-30T13:00:00+00:00,45518.48,45615.83,45273.33,45307.83,75769
2026-03-30T14:00:00+00:00,45307.83,45542.33,45301.33,45525.83,115257
2026-03-30T15:00:00+00:00,45525.83,45626.33,45425.83,45560.83,71606
2026-03-30T16:00:00+00:00,45560.83,45567.83,45379.83,45399.83,45472
2026-03-30T17:00:00+00:00,45399.83,45440.83,45227.83,45312.83,48893
2026-03-30T18:00:00+00:00,45312.83,45359.93000000001,45209.93000000001,45235.43000000001,37458.84542245502
2026-03-30T19:00:00+00:00,45235.43000000001,45269.43000000001,45052.93000000001,45208.93000000001,55995
2026-03-30T20:00:00+00:00,45208.93000000001,45214.08000000001,45149.58000000001,45199.83000000001,7248
2026-03-30T22:00:00+00:00,45199.83000000001,45270.58000000001,45199.83000000001,45231.08000000001,6446
2026-03-30T23:00:00+00:00,45231.08000000001,45231.58000000001,45116.58000000001,45156.58000000001,11935
2026-03-31T00:00:00+00:00,45156.58000000001,45533.58000000001,45041.08000000001,45445.08000000001,45573
2026-03-31T01:00:00+00:00,45445.08000000001,45698.08000000001,45353.08000000001,45610.58000000001,47895
2026-03-31T02:00:00+00:00,45610.58000000001,45736.08000000001,45583.08000000001,45679.08000000001,27410
2026-03-31T03:00:00+00:00,45679.08000000001,45720.08000000001,45619.08000000001,45621.08000000001,15783
2026-03-31T04:00:00+00:00,45621.08000000001,45657.08000000001,45574.08000000001,45589.08000000001,13217
2026-03-31T05:00:00+00:00,45589.08000000001,45652.58000000001,45516.08000000001,45620.58000000001,18737
2026-03-31T06:00:00+00:00,45620.58000000001,45625.58000000001,45537.58000000001,45573.58000000001,25671
2026-03-31T07:00:00+00:00,45573.58000000001,45732.08000000001,45504.08000000001,45727.08000000001,30145
2026-03-31T08:00:00+00:00,45727.08000000001,45730.08000000001,45573.08000000001,45601.58000000001,25510
2026-03-31T09:00:00+00:00,45601.58000000001,45678.08000000001,45572.08000000001,45598.08000000001,22952
2026-03-31T10:00:00+00:00,45598.08000000001,45651.58000000001,45481.08000000001,45577.58000000001,22136
2026-03-31T11:00:00+00:00,45577.58000000001,45824.08000000001,45552.58000000001,45707.58000000001,46367
2026-03-31T12:00:00+00:00,45707.58000000001,45809.58000000001,45590.08000000001,45687.58000000001,39219
2026-03-31T13:00:00+00:00,45687.58000000001,45866.43000000001,45532.93000000001,45864.43000000001,87126
2026-03-31T14:00:00+00:00,45864.43000000001,45889.93000000001,45478.43000000001,45523.93000000001,113954
2026-03-31T15:00:00+00:00,45523.93000000001,45835.93000000001,45523.43000000001,45635.93000000001,92194
2026-03-31T16:00:00+00:00,45635.93000000001,46333.43000000001,45615.93000000001,46083.93000000001,154989
2026-03-31T17:00:00+00:00,46083.93000000001,46237.93000000001,46056.93000000001,46130.93000000001,121702
2026-03-31T18:00:00+00:00,46130.93000000001,46284.43000000001,46130.93000000001,46255.93000000001,64595
2026-03-31T19:00:00+00:00,46255.93000000001,46398.43000000001,46190.43000000001,46331.93000000001,65021
2026-03-31T20:00:00+00:00,46331.93000000001,46394.08000000001,46299.08000000001,46317.83000000001,20550
2026-03-31T22:00:00+00:00,46317.83000000001,46349.08000000001,46274.83000000001,46321.58000000001,8853
2026-03-31T23:00:00+00:00,46321.58000000001,46419.08000000001,46290.58000000001,46404.08000000001,7893
2026-04-01T00:00:00+00:00,46404.08000000001,46449.08000000001,46358.58000000001,46447.08000000001,16881
2026-04-01T01:00:00+00:00,46447.08000000001,46458.58000000001,46372.08000000001,46390.58000000001,17382
2026-04-01T02:00:00+00:00,46390.58000000001,46418.58000000001,46350.08000000001,46374.08000000001,8179
2026-04-01T03:00:00+00:00,46374.08000000001,46398.08000000001,46365.58000000001,46377.58000000001,6446
2026-04-01T04:00:00+00:00,46377.58000000001,46415.58000000001,46370.08000000001,46403.08000000001,4092
2026-04-01T05:00:00+00:00,46403.08000000001,46488.08000000001,46398.58000000001,46466.08000000001,6922
2026-04-01T06:00:00+00:00,46466.08000000001,46673.08000000001,46464.08000000001,46656.58000000001,17933
2026-04-01T07:00:00+00:00,46656.58000000001,46682.08000000001,46527.58000000001,46541.08000000001,21435
2026-04-01T08:00:00+00:00,46541.08000000001,46613.58000000001,46467.08000000001,46573.58000000001,25787
2026-04-01T09:00:00+00:00,46573.58000000001,46608.58000000001,46467.08000000001,46583.58000000001,21920
2026-04-01T10:00:00+00:00,46583.58000000001,46677.08000000001,46543.58000000001,46662.58000000001,16905
2026-04-01T11:00:00+00:00,46662.58000000001,46751.58000000001,46649.58000000001,46725.58000000001,16344
2026-04-01T12:00:00+00:00,46725.58000000001,46851.08000000001,46500.58000000001,46522.58000000001,38540
2026-04-01T13:00:00+00:00,46522.58000000001,46748.93000000001,46473.58000000001,46627.93000000001,105057
2026-04-01T14:00:00+00:00,46627.93000000001,46791.93000000001,46504.93000000001,46751.43000000001,117213
2026-04-01T15:00:00+00:00,46751.43000000001,46816.43000000001,46714.93000000001,46789.93000000001,50211
2026-04-01T16:00:00+00:00,46789.93000000001,46808.43000000001,46688.93000000001,46758.93000000001,32455
2026-04-01T17:00:00+00:00,46758.93000000001,46809.43000000001,46680.93000000001,46683.43000000001,27148
2026-04-01T18:00:00+00:00,46683.43000000001,46694.93000000001,46523.93000000001,46586.43000000001,68160
2026-04-01T19:00:00+00:00,46586.43000000001,46702.93000000001,46554.43000000001,46575.93000000001,50601
2026-04-01T20:00:00+00:00,46575.93000000001,46616.58000000001,46562.58000000001,46590.83000000001,10286
2026-04-01T22:00:00+00:00,46590.83000000001,46608.65000000001,46550.65000000001,46564.15000000001,7864
2026-04-01T23:00:00+00:00,46564.15000000001,46599.65000000001,46539.65000000001,46568.15000000001,6058
2026-04-02T00:00:00+00:00,46568.15000000001,46691.15000000001,46521.65000000001,46682.65000000001,22722
2026-04-02T01:00:00+00:00,46682.65000000001,46693.15000000001,46168.65000000001,46209.65000000001,61542
2026-04-02T02:00:00+00:00,46209.65000000001,46243.15000000001,46107.15000000001,46164.15000000001,29525
2026-04-02T03:00:00+00:00,46164.15000000001,46169.15000000001,46080.65000000001,46090.65000000001,16182
2026-04-02T04:00:00+00:00,46090.65000000001,46117.15000000001,46054.15000000001,46065.15000000001,11204
2026-04-02T05:00:00+00:00,46065.15000000001,46114.15000000001,46001.15000000001,46003.65000000001,12761
2026-04-02T06:00:00+00:00,46003.65000000001,46056.65000000001,45969.15000000001,46040.15000000001,17165
2026-04-02T07:00:00+00:00,46040.15000000001,46162.15000000001,46006.65000000001,46156.15000000001,20575
2026-04-02T08:00:00+00:00,46156.15000000001,46185.15000000001,46099.65000000001,46133.65000000001,16338
2026-04-02T09:00:00+00:00,46133.65000000001,46163.65000000001,46081.15000000001,46120.65000000001,12509
2026-04-02T10:00:00+00:00,46120.65000000001,46134.15000000001,46019.65000000001,46074.15000000001,15608
2026-04-02T11:00:00+00:00,46074.15000000001,46088.15000000001,45888.65000000001,45889.15000000001,18936
2026-04-02T12:00:00+00:00,45889.15000000001,45975.65000000001,45843.65000000001,45919.15000000001,25093
2026-04-02T13:00:00+00:00,45919.15000000001,46131.50000000001,45880.50000000001,46120.50000000001,96700
2026-04-02T14:00:00+00:00,46120.50000000001,46754.00000000001,46026.00000000001,46535.00000000001,168468
2026-04-02T15:00:00+00:00,46535.00000000001,46576.00000000001,46338.50000000001,46417.00000000001,110219
2026-04-02T16:00:00+00:00,46417.00000000001,46493.00000000001,46280.00000000001,46363.50000000001,70423
2026-04-02T17:00:00+00:00,46363.50000000001,46462.50000000001,46307.00000000001,46354.50000000001,47121
2026-04-02T18:00:00+00:00,46354.50000000001,46483.50000000001,46351.00000000001,46448.50000000001,40754
2026-04-02T19:00:00+00:00,46448.50000000001,46528.50000000001,46428.50000000001,46504.00000000001,37025
2026-04-02T20:00:00+00:00,46504.00000000001,46538.65000000001,46468.15000000001,46513.40000000001,7964
2026-04-02T22:00:00+00:00,46513.40000000001,46544.15000000001,46482.65000000001,46525.15000000001,3617
2026-04-02T23:00:00+00:00,46525.15000000001,46530.15000000001,46506.15000000001,46516.65000000001,2773.904756904337
2026-04-03T00:00:00+00:00,46516.65000000001,46556.65000000001,46501.15000000001,46509.15000000001,6153
2026-04-03T01:00:00+00:00,46509.15000000001,46513.15000000001,46484.65000000001,46486.15000000001,2923
2026-04-03T02:00:00+00:00,46486.15000000001,46495.65000000001,46424.65000000001,46449.15000000001,4284
2026-04-03T03:00:00+00:00,46449.15000000001,46467.15000000001,46441.15000000001,46451.15000000001,2333
2026-04-03T04:00:00+00:00,46451.15000000001,46467.15000000001,46429.65000000001,46440.65000000001,1772
2026-04-03T05:00:00+00:00,46440.65000000001,46476.15000000001,46426.65000000001,46458.15000000001,2485
2026-04-03T06:00:00+00:00,46458.15000000001,46460.15000000001,46376.65000000001,46401.15000000001,3138
2026-04-03T07:00:00+00:00,46401.15000000001,46441.15000000001,46359.15000000001,46401.65000000001,3425
2026-04-03T08:00:00+00:00,46401.65000000001,46419.65000000001,46383.65000000001,46402.15000000001,2054
2026-04-03T09:00:00+00:00,46402.15000000001,46420.65000000001,46396.65000000001,46402.15000000001,1994
2026-04-03T10:00:00+00:00,46402.15000000001,46416.15000000001,46378.15000000001,46411.15000000001,1999
2026-04-03T11:00:00+00:00,46411.15000000001,46456.15000000001,46369.15000000001,46436.15000000001,3438
2026-04-03T12:00:00+00:00,46436.15000000001,46666.65000000001,46361.65000000001,46386.15000000001,14567
2026-04-03T13:00:00+00:00,46386.15000000001,46421.15000000001,46369.15000000001,46399.65000000001,1368
2026-04-05T22:00:00+00:00,46401.55,46401.55,46151.32,46287.82,15387.481400379906
2026-04-05T23:00:00+00:00,46287.82,46311.82,46227.82,46280.82,11598
2026-04-06T00:00:00+00:00,46280.82,46389.82,46269.82,46381.32,19108
2026-04-06T01:00:00+00:00,46381.32,46451.82,46376.32,46405.32,9346
2026-04-06T02:00:00+00:00,46405.32,46556.82,46397.32,46433.32,16987
2026-04-06T03:00:00+00:00,46433.32,46435.82,46295.82,46405.82,13394.083606834714
2026-04-06T04:00:00+00:00,46405.82,46453.32,46396.32,46442.32,7037
2026-04-06T05:00:00+00:00,46442.32,46466.82,46396.32,46417.32,7195
2026-04-06T06:00:00+00:00,46417.32,46537.82,46402.82,46479.82,12720
2026-04-06T07:00:00+00:00,46479.82,46576.82,46413.82,46548.82,11465
2026-04-06T08:00:00+00:00,46548.82,46618.82,46539.32,46597.32,10359
2026-04-06T09:00:00+00:00,46597.32,46633.32,46526.32,46537.32,8627
2026-04-06T10:00:00+00:00,46537.32,46571.82,46430.82,46502.32,11879
2026-04-06T11:00:00+00:00,46502.32,46502.32,46457.32,46470.32,12168
2026-04-06T12:00:00+00:00,46470.32,46556.32,46451.82,46515.82,11156
2026-04-06T13:00:00+00:00,46515.82,46604.17,46374.67,46603.67,56786
2026-04-06T14:00:00+00:00,46603.67,46734.67,46462.67,46624.17,81171
2026-04-06T15:00:00+00:00,46624.17,46651.17,46547.17,46648.67,42591
2026-04-06T16:00:00+00:00,46648.67,46690.67,46614.17,46654.17,24926
2026-04-06T17:00:00+00:00,46654.17,46657.67,46487.17,46549.67,26855
2026-04-06T18:00:00+00:00,46549.67,46704.17,46539.17,46655.17,22825
2026-04-06T19:00:00+00:00,46655.17,46715.17,46619.17,46715.17,21316
2026-04-06T20:00:00+00:00,46715.17,46855.32,46685.32,46813.57,8569
2026-04-06T22:00:00+00:00,46813.57,46846.32,46749.32,46750.82,9453
2026-04-06T23:00:00+00:00,46750.82,46782.32,46737.32,46740.82,3651
2026-04-07T00:00:00+00:00,46740.82,46830.82,46724.82,46735.82,14186
2026-04-07T01:00:00+00:00,46735.82,46758.82,46530.82,46543.82,19302
2026-04-07T02:00:00+00:00,46543.82,46609.82,46514.32,46598.32,14387
2026-04-07T03:00:00+00:00,46598.32,46612.32,46559.32,46596.32,7193
2026-04-07T04:00:00+00:00,46596.32,46630.32,46554.32,46613.32,8599
2026-04-07T05:00:00+00:00,46613.32,46630.82,46556.32,46607.82,8082
2026-04-07T06:00:00+00:00,46607.82,46638.82,46578.82,46618.82,12696
2026-04-07T07:00:00+00:00,46618.82,46640.32,46582.82,46622.32,17531
2026-04-07T08:00:00+00:00,46622.32,46816.82,46620.32,46784.82,32490
2026-04-07T09:00:00+00:00,46784.82,46853.32,46770.82,46811.32,18755
2026-04-07T10:00:00+00:00,46811.32,46837.32,46484.82,46512.82,34530
2026-04-07T11:00:00+00:00,46512.82,46588.82,46458.32,46514.82,25509
2026-04-07T12:00:00+00:00,46514.82,46677.32,46416.82,46573.32,32178
2026-04-07T13:00:00+00:00,46573.32,46644.17,46357.17,46396.17,63446
2026-04-07T14:00:00+00:00,46396.17,46579.17,46269.17,46366.17,80479
2026-04-07T15:00:00+00:00,46366.17,46397.67,46241.17,46341.67,61091
2026-04-07T16:00:00+00:00,46341.67,46580.67,46341.67,46478.17,55029
2026-04-07T17:00:00+00:00,46478.17,46638.17,46440.67,46522.17,44049
2026-04-07T18:00:00+00:00,46522.17,46552.67,46300.17,46344.67,36998
2026-04-07T19:00:00+00:00,46344.67,46666.17,46285.67,46627.67,65943
2026-04-07T20:00:00+00:00,46627.67,46743.82,46584.82,46686.07,26636
2026-04-07T22:00:00+00:00,46686.07,47595.32,46661.07,47586.82,19123
2026-04-07T23:00:00+00:00,47586.82,47639.82,47508.32,47564.82,23337
2026-04-08T00:00:00+00:00,47564.82,47597.82,47468.32,47552.32,25848
2026-04-08T01:00:00+00:00,47552.32,47632.32,47530.82,47609.82,14573
2026-04-08T02:00:00+00:00,47609.82,47688.32,47609.82,47683.32,6921
2026-04-08T03:00:00+00:00,47683.32,47698.82,47640.82,47653.82,4680
2026-04-08T04:00:00+00:00,47653.82,47717.32,47653.82,47680.82,5091
2026-04-08T05:00:00+00:00,47680.82,47789.32,47663.32,47772.32,8595
2026-04-08T06:00:00+00:00,47772.32,47796.32,47742.32,47748.82,13485
2026-04-08T07:00:00+00:00,47748.82,47779.32,47671.82,47676.32,18402
2026-04-08T08:00:00+00:00,47676.32,47756.32,47663.32,47755.82,17948
2026-04-08T09:00:00+00:00,47755.82,47842.82,47736.32,47806.82,13739
2026-04-08T10:00:00+00:00,47806.82,47901.82,47774.32,47869.32,11682
2026-04-08T11:00:00+00:00,47869.32,47967.82,47823.32,47912.32,17480
2026-04-08T12:00:00+00:00,47912.32,47936.32,47762.32,47865.32,28887
2026-04-08T13:00:00+00:00,47865.32,48085.67,47854.32,47942.17,82511
2026-04-08T14:00:00+00:00,47942.17,47990.67,47614.17,47695.67,91023
2026-04-08T15:00:00+00:00,47695.67,47886.17,47659.17,47869.67,48240
2026-04-08T16:00:00+00:00,47869.67,47922.67,47832.17,47876.17,29764
2026-04-08T17:00:00+00:00,47876.17,47918.17,47810.67,47913.17,30800
2026-04-08T18:00:00+00:00,47913.17,47986.17,47734.17,47743.67,50080
2026-04-08T19:00:00+00:00,47743.67,47982.67,47735.17,47964.67,46105
2026-04-08T20:00:00+00:00,47964.67,47984.82,47912.32,47926.57,7510
2026-04-08T22:00:00+00:00,47926.57,47982.11,47911.36,47942.11,7537
2026-04-08T23:00:00+00:00,47942.11,47971.61,47915.61,47922.61,4196
2026-04-09T00:00:00+00:00,47922.61,47971.61,47876.11,47933.61,12806
2026-04-09T01:00:00+00:00,47933.61,47950.11,47883.61,47916.11,10174
2026-04-09T02:00:00+00:00,47916.11,47925.61,47893.11,47893.61,5717
2026-04-09T03:00:00+00:00,47893.61,47916.61,47877.11,47909.61,4270
2026-04-09T04:00:00+00:00,47909.61,47919.11,47885.61,47894.61,3290
2026-04-09T05:00:00+00:00,47894.61,47935.61,47865.61,47906.11,6144
2026-04-09T06:00:00+00:00,47906.11,47938.11,47854.61,47889.61,9810
2026-04-09T07:00:00+00:00,47889.61,47908.61,47777.11,47812.11,12709
2026-04-09T08:00:00+00:00,47812.11,47827.61,47763.61,47777.11,11723
2026-04-09T09:00:00+00:00,47777.11,47819.61,47757.61,47803.61,8527
2026-04-09T10:00:00+00:00,47803.61,47821.61,47759.61,47763.11,11043
2026-04-09T11:00:00+00:00,47763.11,47814.61,47732.61,47796.61,12453
2026-04-09T12:00:00+00:00,47796.61,47848.61,47764.61,47814.61,16006
2026-04-09T13:00:00+00:00,47814.61,47928.46,47754.46,47923.46,55837
2026-04-09T14:00:00+00:00,47923.46,47932.96,47802.96,47849.46,57393
2026-04-09T15:00:00+00:00,47849.46,48135.46,47787.46,48129.46,69551
2026-04-09T16:00:00+00:00,48129.46,48303.96,48128.46,48299.46,46192
2026-04-09T17:00:00+00:00,48299.46,48386.96,48284.96,48360.46,31842
2026-04-09T18:00:00+00:00,48360.46,48367.46,48217.96,48239.96,46327
2026-04-09T19:00:00+00:00,48239.96,48319.46,48227.46,48242.46,29378
2026-04-09T20:00:00+00:00,48242.46,48258.61,48213.11,48247.86,6697
2026-04-09T22:00:00+00:00,48247.86,48247.86,48193.7,48206.2,6633
2026-04-09T23:00:00+00:00,48206.2,48225.7,48191.2,48207.2,2444
2026-04-10T00:00:00+00:00,48207.2,48233.7,48184.7,48227.7,6008
2026-04-10T01:00:00+00:00,48227.7,48251.7,48203.2,48223.7,5281
2026-04-10T02:00:00+00:00,48223.7,48226.7,48182.2,48190.7,3350
2026-04-10T03:00:00+00:00,48190.7,48216.2,48181.7,48207.7,2602
2026-04-10T04:00:00+00:00,48207.7,48210.7,48184.7,48187.2,1855
2026-04-10T05:00:00+00:00,48187.2,48207.7,48186.2,48193.2,2473
2026-04-10T06:00:00+00:00,48193.2,48196.2,48154.2,48167.7,4533
2026-04-10T07:00:00+00:00,48167.7,48222.7,48155.7,48211.2,6941
2026-04-10T08:00:00+00:00,48211.2,48217.2,48114.2,48122.2,6975
2026-04-10T09:00:00+00:00,48122.2,48245.2,48122.2,48209.2,13912
2026-04-10T10:00:00+00:00,48209.2,48236.2,48171.2,48218.2,6376
2026-04-10T11:00:00+00:00,48218.2,48256.7,48203.2,48219.7,6208
2026-04-10T12:00:00+00:00,48219.7,48350.2,48212.2,48244.7,11851
2026-04-10T13:00:00+00:00,48244.7,48285.05,47987.05,48084.55,47814
2026-04-10T14:00:00+00:00,48084.55,48179.05,48035.55,48094.55,48861
2026-04-10T15:00:00+00:00,48094.55,48127.05,47978.05,47990.05,41492
2026-04-10T16:00:00+00:00,47990.05,48015.05,47905.05,47957.05,32408
2026-04-10T17:00:00+00:00,47957.05,47989.05,47908.05,47985.05,24748
2026-04-10T18:00:00+00:00,47985.05,48010.05,47947.05,47975.55,20562
2026-04-10T19:00:00+00:00,47975.55,47993.05,47906.05,47961.05,22598
2026-04-10T20:00:00+00:00,47961.05,47986.7,47925.7,47983.95,4514
2026-04-12T22:00:00+00:00,47983.95,47983.95,47354.369999999995,47433.869999999995,11800
2026-04-12T23:00:00+00:00,47433.869999999995,47456.369999999995,47390.369999999995,47454.369999999995,5256
2026-04-13T00:00:00+00:00,47454.369999999995,47546.869999999995,47418.369999999995,47545.869999999995,10490
2026-04-13T01:00:00+00:00,47545.869999999995,47592.869999999995,47544.869999999995,47572.369999999995,8110
2026-04-13T02:00:00+00:00,47572.369999999995,47580.369999999995,47545.369999999995,47577.369999999995,3514
2026-04-13T03:00:00+00:00,47577.369999999995,47584.369999999995,47551.869999999995,47553.369999999995,2514
2026-04-13T04:00:00+00:00,47553.369999999995,47634.369999999995,47542.869999999995,47615.869999999995,2979
2026-04-13T05:00:00+00:00,47615.869999999995,47658.369999999995,47605.869999999995,47646.369999999995,3876
2026-04-13T06:00:00+00:00,47646.369999999995,47706.369999999995,47646.369999999995,47681.869999999995,6455
2026-04-13T07:00:00+00:00,47681.869999999995,47724.369999999995,47676.369999999995,47692.369999999995,7674
2026-04-13T08:00:00+00:00,47692.369999999995,47754.369999999995,47671.869999999995,47708.869999999995,9629
2026-04-13T09:00:00+00:00,47708.869999999995,47752.869999999995,47683.369999999995,47692.869999999995,6229
2026-04-13T10:00:00+00:00,47692.869999999995,47737.369999999995,47684.869999999995,47734.869999999995,5631
2026-04-13T11:00:00+00:00,47734.869999999995,47807.869999999995,47434.869999999995,47452.869999999995,17544
2026-04-13T12:00:00+00:00,47452.869999999995,47513.869999999995,47435.869999999995,47511.869999999995,12878
2026-04-13T13:00:00+00:00,47511.869999999995,47774.219999999994,47504.869999999995,47763.119999999995,59837
2026-04-13T14:00:00+00:00,47763.119999999995,47810.719999999994,47648.219999999994,47761.219999999994,54204
2026-04-13T15:00:00+00:00,47761.219999999994,47763.219999999994,47647.719999999994,47707.219999999994,32618
2026-04-13T16:00:00+00:00,47707.219999999994,48011.719999999994,47691.219999999994,47954.219999999994,48572
2026-04-13T17:00:00+00:00,47954.219999999994,48012.719999999994,47947.719999999994,47962.719999999994,18711
2026-04-13T18:00:00+00:00,47962.719999999994,48075.219999999994,47962.719999999994,48051.219999999994,15311
2026-04-13T19:00:00+00:00,48051.219999999994,48260.219999999994,48047.719999999994,48240.219999999994,22544
2026-04-13T20:00:00+00:00,48240.219999999994,48276.869999999995,48225.869999999995,48269.619999999995,5832
2026-04-13T22:00:00+00:00,48269.619999999995,48275.06999999999,48244.31999999999,48260.06999999999,1192.852061968143
2026-04-13T23:00:00+00:00,48260.06999999999,48279.56999999999,48239.56999999999,48244.06999999999,2185
2026-04-14T00:00:00+00:00,48244.06999999999,48268.56999999999,48215.56999999999,48255.56999999999,4564
2026-04-14T01:00:00+00:00,48255.56999999999,48272.06999999999,48237.06999999999,48254.06999999999,2936
2026-04-14T02:00:00+00:00,48254.06999999999,48276.56999999999,48248.56999999999,48253.56999999999,1493
2026-04-14T03:00:00+00:00,48253.56999999999,48254.06999999999,48232.06999999999,48246.56999999999,1954
2026-04-14T04:00:00+00:00,48246.56999999999,48252.06999999999,48236.56999999999,48240.06999999999,1264
2026-04-14T05:00:00+00:00,48240.06999999999,48241.56999999999,48217.06999999999,48226.06999999999,1471.6729688298415
2026-04-14T06:00:00+00:00,48226.06999999999,48265.56999999999,48215.06999999999,48250.06999999999,3137
2026-04-14T07:00:00+00:00,48250.06999999999,48325.06999999999,48240.06999999999,48301.06999999999,11038
2026-04-14T08:00:00+00:00,48301.06999999999,48344.56999999999,48286.56999999999,48340.06999999999,7069
2026-04-14T09:00:00+00:00,48340.06999999999,48357.56999999999,48260.56999999999,48271.56999999999,5064
2026-04-14T10:00:00+00:00,48271.56999999999,48317.06999999999,48166.06999999999,48205.06999999999,9541
2026-04-14T11:00:00+00:00,48205.06999999999,48312.56999999999,48197.06999999999,48276.56999999999,7889
2026-04-14T12:00:00+00:00,48276.56999999999,48327.06999999999,48249.56999999999,48292.56999999999,11526
2026-04-14T13:00:00+00:00,48292.56999999999,48475.42,48212.42,48410.42,54164
2026-04-14T14:00:00+00:00,48410.42,48529.92,48402.42,48524.42,40592
2026-04-14T15:00:00+00:00,48524.42,48593.92,48460.42,48567.42,28168
2026-04-14T16:00:00+00:00,48567.42,48569.42,48481.92,48492.42,18464
2026-04-14T17:00:00+00:00,48492.42,48574.92,48492.42,48542.92,15723
2026-04-14T18:00:00+00:00,48542.92,48578.42,48465.92,48529.42,23107
2026-04-14T19:00:00+00:00,48529.42,48630.42,48523.42,48583.42,22684
2026-04-14T20:00:00+00:00,48583.42,48615.06999999999,48563.56999999999,48609.31999999999,5189
2026-04-14T22:00:00+00:00,48609.31999999999,48609.31999999999,48547.369999999995,48573.369999999995,2801
2026-04-14T23:00:00+00:00,48573.369999999995,48618.369999999995,48570.869999999995,48582.869999999995,3096
2026-04-15T00:00:00+00:00,48582.869999999995,48594.369999999995,48571.869999999995,48592.869999999995,4003
2026-04-15T01:00:00+00:00,48592.869999999995,48610.369999999995,48580.869999999995,48592.869999999995,2897
2026-04-15T02:00:00+00:00,48592.869999999995,48592.869999999995,48549.369999999995,48565.369999999995,1888
2026-04-15T03:00:00+00:00,48565.369999999995,48599.369999999995,48560.869999999995,48590.869999999995,1468
2026-04-15T04:00:00+00:00,48590.869999999995,48594.369999999995,48569.369999999995,48571.869999999995,1275
2026-04-15T05:00:00+00:00,48571.869999999995,48621.869999999995,48531.369999999995,48562.369999999995,5534
2026-04-15T06:00:00+00:00,48562.369999999995,48615.869999999995,48562.369999999995,48589.869999999995,3489
2026-04-15T07:00:00+00:00,48589.869999999995,48591.869999999995,48538.869999999995,48563.869999999995,4476
2026-04-15T08:00:00+00:00,48563.869999999995,48581.369999999995,48533.869999999995,48565.369999999995,4305
2026-04-15T09:00:00+00:00,48565.369999999995,48579.869999999995,48502.369999999995,48540.869999999995,7022
2026-04-15T10:00:00+00:00,48540.869999999995,48579.369999999995,48490.869999999995,48541.869999999995,9368
2026-04-15T11:00:00+00:00,48541.869999999995,48662.369999999995,48527.369999999995,48593.369999999995,8842
2026-04-15T12:00:00+00:00,48593.369999999995,48638.869999999995,48547.869999999995,48630.369999999995,8483
2026-04-15T13:00:00+00:00,48630.369999999995,48736.219999999994,48435.219999999994,48493.219999999994,46255
2026-04-15T14:00:00+00:00,48493.219999999994,48495.719999999994,48357.219999999994,48366.219999999994,39457
2026-04-15T15:00:00+00:00,48366.219999999994,48434.219999999994,48329.219999999994,48335.219999999994,26441
2026-04-15T16:00:00+00:00,48335.219999999994,48370.719999999994,48308.219999999994,48358.219999999994,25117
2026-04-15T17:00:00+00:00,48358.219999999994,48431.219999999994,48357.219999999994,48411.219999999994,15010
2026-04-15T18:00:00+00:00,48411.219999999994,48509.719999999994,48397.219999999994,48504.719999999994,21371
2026-04-15T19:00:00+00:00,48504.719999999994,48531.719999999994,48451.719999999994,48493.219999999994,20447
2026-04-15T20:00:00+00:00,48493.219999999994,48544.369999999995,48452.369999999995,48531.119999999995,4259
2026-04-15T22:00:00+00:00,48531.119999999995,48565.81,48505.06,48557.31,2396
2026-04-15T23:00:00+00:00,48557.31,48574.31,48545.81,48568.31,1274.2765317919075
2026-04-16T00:00:00+00:00,48568.31,48606.81,48557.31,48593.31,3238
2026-04-16T01:00:00+00:00,48593.31,48602.31,48565.31,48571.31,2474
2026-04-16T02:00:00+00:00,48571.31,48586.31,48560.31,48566.31,1677
2026-04-16T03:00:00+00:00,48566.31,48583.81,48543.31,48543.31,1680
2026-04-16T04:00:00+00:00,48543.31,48556.81,48535.31,48546.81,1098
2026-04-16T05:00:00+00:00,48546.81,48560.31,48531.31,48552.31,2066
2026-04-16T06:00:00+00:00,48552.31,48573.81,48548.31,48564.31,2690
2026-04-16T07:00:00+00:00,48564.31,48568.31,48516.81,48526.31,3914
2026-04-16T08:00:00+00:00,48526.31,48535.31,48491.31,48516.31,5427
2026-04-16T09:00:00+00:00,48516.31,48527.31,48496.31,48513.31,2827
2026-04-16T10:00:00+00:00,48513.31,48556.81,48512.81,48533.81,4025
2026-04-16T11:00:00+00:00,48533.81,48589.81,48480.81,48583.81,5258
2026-04-16T12:00:00+00:00,48583.81,48632.81,48574.31,48617.31,4877
2026-04-16T13:00:00+00:00,48617.31,48703.659999999996,48428.159999999996,48483.159999999996,44970
2026-04-16T14:00:00+00:00,48483.159999999996,48492.659999999996,48361.159999999996,48453.659999999996,47118
2026-04-16T15:00:00+00:00,48453.659999999996,48604.659999999996,48449.659999999996,48588.159999999996,36345
2026-04-16T16:00:00+00:00,48588.159999999996,48619.659999999996,48500.659999999996,48510.659999999996,27358
2026-04-16T17:00:00+00:00,48510.659999999996,48567.659999999996,48467.659999999996,48540.159999999996,25204
2026-04-16T18:00:00+00:00,48540.159999999996,48608.159999999996,48529.159999999996,48569.659999999996,23460
2026-04-16T19:00:00+00:00,48569.659999999996,48638.659999999996,48565.659999999996,48597.159999999996,17551
2026-04-16T20:00:00+00:00,48597.159999999996,48665.31,48591.81,48661.06,2973
2026-04-16T22:00:00+00:00,48661.06,48687.38999999999,48642.13999999999,48684.38999999999,1275
2026-04-16T23:00:00+00:00,48684.38999999999,48705.38999999999,48679.38999999999,48688.38999999999,1140
2026-04-17T00:00:00+00:00,48688.38999999999,48688.88999999999,48655.38999999999,48678.38999999999,3516
2026-04-17T01:00:00+00:00,48678.38999999999,48687.88999999999,48667.88999999999,48683.38999999999,2471
2026-04-17T02:00:00+00:00,48683.38999999999,48685.38999999999,48655.88999999999,48667.88999999999,1473
2026-04-17T03:00:00+00:00,48667.88999999999,48670.88999999999,48654.88999999999,48662.38999999999,1066
2026-04-17T04:00:00+00:00,48662.38999999999,48694.38999999999,48659.38999999999,48681.88999999999,1441
2026-04-17T05:00:00+00:00,48681.88999999999,48719.38999999999,48658.88999999999,48715.88999999999,2122
2026-04-17T06:00:00+00:00,48715.88999999999,48730.88999999999,48681.88999999999,48705.38999999999,3096
2026-04-17T07:00:00+00:00,48705.38999999999,48758.38999999999,48705.38999999999,48750.38999999999,4107
2026-04-17T08:00:00+00:00,48750.38999999999,48769.88999999999,48733.88999999999,48766.88999999999,4020
2026-04-17T09:00:00+00:00,48766.88999999999,48786.38999999999,48747.88999999999,48776.88999999999,3747
2026-04-17T10:00:00+00:00,48776.88999999999,48779.38999999999,48750.88999999999,48776.88999999999,3647
2026-04-17T11:00:00+00:00,48776.88999999999,48853.38999999999,48773.88999999999,48848.38999999999,3798
2026-04-17T12:00:00+00:00,48848.38999999999,49173.38999999999,48835.88999999999,49166.38999999999,25931
2026-04-17T13:00:00+00:00,49166.38999999999,49381.74,49084.24,49352.74,82034
2026-04-17T14:00:00+00:00,49352.74,49687.24,49329.24,49597.74,54036
2026-04-17T15:00:00+00:00,49597.74,49711.24,49539.74,49694.24,46272
2026-04-17T16:00:00+00:00,49694.24,49761.24,49658.74,49738.24,21972
2026-04-17T17:00:00+00:00,49738.24,49749.24,49497.24,49577.74,41738
2026-04-17T18:00:00+00:00,49577.74,49590.74,49473.24,49491.24,28744
2026-04-17T19:00:00+00:00,49491.24,49531.74,49442.24,49475.24,26127
2026-04-17T20:00:00+00:00,49475.24,49519.13,49473.63,49494.88,3945
2026-04-19T22:00:00+00:00,49494.88,49494.88,48922.52999999999,49049.77999999999,12124
2026-04-19T23:00:00+00:00,49049.77999999999,49066.27999999999,48976.77999999999,49001.77999999999,4683
2026-04-20T00:00:00+00:00,49001.77999999999,49061.77999999999,48972.77999999999,49040.77999999999,9649
2026-04-20T01:00:00+00:00,49040.77999999999,49140.27999999999,49040.77999999999,49130.77999999999,5266
2026-04-20T02:00:00+00:00,49130.77999999999,49135.77999999999,49109.77999999999,49129.77999999999,2759
2026-04-20T03:00:00+00:00,49129.77999999999,49143.77999999999,49101.27999999999,49103.77999999999,2331
2026-04-20T04:00:00+00:00,49103.77999999999,49141.77999999999,49095.77999999999,49133.27999999999,2250
2026-04-20T05:00:00+00:00,49133.27999999999,49136.77999999999,49075.77999999999,49108.77999999999,4567
2026-04-20T06:00:00+00:00,49108.77999999999,49181.27999999999,49101.27999999999,49154.77999999999,7867
2026-04-20T07:00:00+00:00,49154.77999999999,49204.77999999999,49077.77999999999,49110.27999999999,15025
2026-04-20T08:00:00+00:00,49110.27999999999,49207.77999999999,49079.27999999999,49201.27999999999,10130
2026-04-20T09:00:00+00:00,49201.27999999999,49230.27999999999,49170.27999999999,49197.27999999999,5895
2026-04-20T10:00:00+00:00,49197.27999999999,49267.77999999999,49189.27999999999,49191.77999999999,5286
2026-04-20T11:00:00+00:00,49191.77999999999,49240.27999999999,49150.77999999999,49235.77999999999,8945
2026-04-20T12:00:00+00:00,49235.77999999999,49300.27999999999,49213.77999999999,49275.77999999999,10340
2026-04-20T13:00:00+00:00,49275.77999999999,49519.13,49256.77999999999,49479.63,53381
2026-04-20T14:00:00+00:00,49479.63,49505.13,49266.52999999999,49348.13,57205
2026-04-20T15:00:00+00:00,49348.13,49458.13,49318.63,49436.13,46782
2026-04-20T16:00:00+00:00,49436.13,49439.63,49347.63,49408.63,20598
2026-04-20T17:00:00+00:00,49408.63,49461.13,49369.63,49381.63,18751
2026-04-20T18:00:00+00:00,49381.63,49462.13,49355.13,49420.63,16760
2026-04-20T19:00:00+00:00,49420.63,49476.13,49397.63,49472.63,15631
2026-04-20T20:00:00+00:00,49472.63,49563.77999999999,49455.27999999999,49529.02999999999,6368
2026-04-20T22:00:00+00:00,49529.02999999999,49575.88,49517.63,49560.88,2364
2026-04-20T23:00:00+00:00,49560.88,49563.38,49537.38,49545.38,883.7463007159904
2026-04-21T00:00:00+00:00,49545.38,49554.88,49494.88,49553.38,5379
2026-04-21T01:00:00+00:00,49553.38,49587.88,49530.88,49563.38,3343
2026-04-21T02:00:00+00:00,49563.38,49588.38,49557.38,49564.88,1827
2026-04-21T03:00:00+00:00,49564.88,49568.38,49514.38,49534.88,2046
2026-04-21T04:00:00+00:00,49534.88,49565.38,49534.88,49557.38,1286
2026-04-21T05:00:00+00:00,49557.38,49607.38,49556.88,49563.38,2255
2026-04-21T06:00:00+00:00,49563.38,49579.38,49550.38,49558.38,3267
2026-04-21T07:00:00+00:00,49558.38,49586.88,49505.38,49545.88,6807
2026-04-21T08:00:00+00:00,49545.88,49595.88,49518.88,49578.88,6819
2026-04-21T09:00:00+00:00,49578.88,49757.38,49549.88,49754.88,6992
2026-04-21T10:00:00+00:00,49754.88,49796.38,49719.88,49775.38,6651
2026-04-21T11:00:00+00:00,49775.38,49820.88,49719.88,49758.38,9054
2026-04-21T12:00:00+00:00,49758.38,49787.38,49681.38,49714.88,13947
2026-04-21T13:00:00+00:00,49714.88,49882.729999999996,49663.729999999996,49814.729999999996,44608
2026-04-21T14:00:00+00:00,49814.729999999996,49854.729999999996,49458.729999999996,49467.729999999996,53236
2026-04-21T15:00:00+00:00,49467.729999999996,49498.729999999996,49329.729999999996,49392.729999999996,70358
2026-04-21T16:00:00+00:00,49392.729999999996,49472.729999999996,49319.729999999996,49320.729999999996,34090
2026-04-21T17:00:00+00:00,49320.729999999996,49452.729999999996,49185.729999999996,49326.729999999996,59571
2026-04-21T18:00:00+00:00,49326.729999999996,49368.229999999996,49219.729999999996,49304.729999999996,44021
2026-04-21T19:00:00+00:00,49304.729999999996,49407.729999999996,49067.729999999996,49177.729999999996,72774
2026-04-21T20:00:00+00:00,49177.729999999996,49441.88,49131.38,49323.63,25032
2026-04-21T22:00:00+00:00,49323.63,49387.03999999999,49323.63,49349.53999999999,3789
2026-04-21T23:00:00+00:00,49349.53999999999,49388.53999999999,49335.53999999999,49387.03999999999,2171
2026-04-22T00:00:00+00:00,49387.03999999999,49430.03999999999,49387.03999999999,49395.53999999999,5203
2026-04-22T01:00:00+00:00,49395.53999999999,49437.03999999999,49394.03999999999,49420.03999999999,4003
2026-04-22T02:00:00+00:00,49420.03999999999,49439.03999999999,49415.53999999999,49419.03999999999,2159
2026-04-22T03:00:00+00:00,49419.03999999999,49432.03999999999,49389.03999999999,49396.03999999999,1896
2026-04-22T04:00:00+00:00,49396.03999999999,49411.53999999999,49369.53999999999,49371.03999999999,2194
2026-04-22T05:00:00+00:00,49371.03999999999,49491.53999999999,49367.03999999999,49447.03999999999,6849
2026-04-22T06:00:00+00:00,49447.03999999999,49471.53999999999,49402.53999999999,49458.53999999999,4797
2026-04-22T07:00:00+00:00,49458.53999999999,49491.53999999999,49431.53999999999,49455.53999999999,7679
2026-04-22T08:00:00+00:00,49455.53999999999,49466.03999999999,49344.03999999999,49409.53999999999,8583
2026-04-22T09:00:00+00:00,49409.53999999999,49459.53999999999,49377.03999999999,49405.53999999999,8098
2026-04-22T10:00:00+00:00,49405.53999999999,49450.53999999999,49370.53999999999,49432.53999999999,7479
2026-04-22T11:00:00+00:00,49432.53999999999,49493.53999999999,49405.53999999999,49487.03999999999,7364
2026-04-22T12:00:00+00:00,49487.03999999999,49576.53999999999,49454.53999999999,49457.53999999999,11580
2026-04-22T13:00:00+00:00,49457.53999999999,49626.88999999999,49444.03999999999,49620.88999999999,54003
2026-04-22T14:00:00+00:00,49620.88999999999,49654.38999999999,49507.88999999999,49570.38999999999,47863
2026-04-22T15:00:00+00:00,49570.38999999999,49588.88999999999,49469.38999999999,49508.38999999999,32533
2026-04-22T16:00:00+00:00,49508.38999999999,49537.88999999999,49418.88999999999,49429.38999999999,21878
2026-04-22T17:00:00+00:00,49429.38999999999,49524.38999999999,49421.38999999999,49431.88999999999,20652
2026-04-22T18:00:00+00:00,49431.88999999999,49441.38999999999,49360.38999999999,49393.38999999999,13708
2026-04-22T19:00:00+00:00,49393.38999999999,49525.88999999999,49366.38999999999,49509.88999999999,19894
2026-04-22T20:00:00+00:00,49509.88999999999,49516.53999999999,49263.03999999999,49334.78999999999,13500
2026-04-22T22:00:00+00:00,49334.78999999999,49377.899999999994,49315.149999999994,49331.399999999994,2517
2026-04-22T23:00:00+00:00,49331.399999999994,49348.899999999994,49323.399999999994,49339.899999999994,1384.327819443471
2026-04-23T00:00:00+00:00,49339.899999999994,49340.399999999994,48977.899999999994,49305.899999999994,27774
2026-04-23T01:00:00+00:00,49305.899999999994,49306.399999999994,49213.399999999994,49223.899999999994,8727
2026-04-23T02:00:00+00:00,49223.899999999994,49238.899999999994,49174.899999999994,49183.899999999994,9762
2026-04-23T03:00:00+00:00,49183.899999999994,49212.399999999994,49131.899999999994,49165.899999999994,7838
2026-04-23T04:00:00+00:00,49165.899999999994,49208.899999999994,49145.399999999994,49202.899999999994,4067
2026-04-23T05:00:00+00:00,49202.899999999994,49220.399999999994,49168.899999999994,49213.899999999994,4928
2026-04-23T06:00:00+00:00,49213.899999999994,49252.899999999994,49212.399999999994,49238.399999999994,4973
2026-04-23T07:00:00+00:00,49238.399999999994,49293.899999999994,49222.399999999994,49267.899999999994,8559
2026-04-23T08:00:00+00:00,49267.899999999994,49302.899999999994,49202.899999999994,49216.399999999994,9226
2026-04-23T09:00:00+00:00,49216.399999999994,49261.899999999994,49177.899999999994,49218.899999999994,9337
2026-04-23T10:00:00+00:00,49218.899999999994,49218.899999999994,49101.399999999994,49203.899999999994,9946
2026-04-23T11:00:00+00:00,49203.899999999994,49296.899999999994,49140.399999999994,49291.399999999994,13568
2026-04-23T12:00:00+00:00,49291.399999999994,49387.899999999994,49179.649999999994,49259.899999999994,16572
2026-04-23T13:00:00+00:00,49259.899999999994,49392.74999999999,49205.399999999994,49336.74999999999,37349
2026-04-23T14:00:00+00:00,49336.74999999999,49551.74999999999,49273.74999999999,49521.74999999999,41108
2026-04-23T15:00:00+00:00,49521.74999999999,49538.74999999999,49396.74999999999,49446.24999999999,28210
2026-04-23T16:00:00+00:00,49446.24999999999,49455.74999999999,49396.24999999999,49433.24999999999,20137
2026-04-23T17:00:00+00:00,49433.24999999999,49445.24999999999,48884.74999999999,49189.24999999999,110626
2026-04-23T18:00:00+00:00,49189.24999999999,49375.74999999999,49163.24999999999,49264.74999999999,57813
2026-04-23T19:00:00+00:00,49264.74999999999,49366.74999999999,49210.24999999999,49332.74999999999,41087
2026-04-23T20:00:00+00:00,49332.74999999999,49332.899999999994,49205.899999999994,49236.149999999994,7954
2026-04-23T22:00:00+00:00,49236.149999999994,49299.09,49236.149999999994,49284.09,4068
2026-04-23T23:00:00+00:00,49284.09,49314.09,49267.59,49311.59,1849
2026-04-24T00:00:00+00:00,49311.59,49341.59,49280.59,49291.59,6736
2026-04-24T01:00:00+00:00,49291.59,49296.59,49242.09,49270.59,6424
2026-04-24T02:00:00+00:00,49270.59,49273.09,49172.59,49180.59,5406
2026-04-24T03:00:00+00:00,49180.59,49213.59,49167.59,49193.09,5287
2026-04-24T04:00:00+00:00,49193.09,49236.09,49183.09,49227.59,3574
2026-04-24T05:00:00+00:00,49227.59,49275.09,49204.09,49269.59,3498
2026-04-24T06:00:00+00:00,49269.59,49281.09,49233.59,49253.59,4804
2026-04-24T07:00:00+00:00,49253.59,49298.09,49235.59,49275.09,6275
2026-04-24T08:00:00+00:00,49275.09,49284.09,49139.09,49152.59,11920
2026-04-24T09:00:00+00:00,49152.59,49191.09,49100.59,49167.09,9079
2026-04-24T10:00:00+00:00,49167.09,49211.59,49164.59,49189.59,6166
2026-04-24T11:00:00+00:00,49189.59,49446.09,49187.09,49322.59,28503
2026-04-24T12:00:00+00:00,49322.59,49355.09,49178.59,49236.09,16909
2026-04-24T13:00:00+00:00,49236.09,49363.939999999995,49100.939999999995,49163.439999999995,58460
2026-04-24T14:00:00+00:00,49163.439999999995,49223.939999999995,49090.939999999995,49152.939999999995,59899
2026-04-24T15:00:00+00:00,49152.939999999995,49314.939999999995,49112.939999999995,49258.939999999995,46048
2026-04-24T16:00:00+00:00,49258.939999999995,49276.939999999995,49138.439999999995,49190.939999999995,23812
2026-04-24T17:00:00+00:00,49190.939999999995,49264.439999999995,49144.939999999995,49198.939999999995,19110
2026-04-24T18:00:00+00:00,49198.939999999995,49219.939999999995,49172.939999999995,49215.439999999995,14096
2026-04-24T19:00:00+00:00,49215.439999999995,49269.439999999995,49173.939999999995,49235.939999999995,18867
2026-04-24T20:00:00+00:00,49235.939999999995,49268.33,49208.84,49265.83,3281
2026-04-26T22:00:00+00:00,49265.83,49265.83,49087.91,49163.41,5297
2026-04-26T23:00:00+00:00,49163.41,49167.41,49104.91,49138.41,2682
2026-04-27T00:00:00+00:00,49138.41,49172.41,49107.41,49154.91,7349
2026-04-27T01:00:00+00:00,49154.91,49242.91,49144.41,49235.41,10177
2026-04-27T02:00:00+00:00,49235.41,49240.41,49200.41,49204.41,3484
2026-04-27T03:00:00+00:00,49204.41,49232.91,49196.41,49204.41,3107
2026-04-27T04:00:00+00:00,49204.41,49213.41,49176.41,49182.41,2414
2026-04-27T05:00:00+00:00,49182.41,49185.91,49129.41,49139.41,4773
2026-04-27T06:00:00+00:00,49139.41,49177.41,49125.91,49157.91,6495
2026-04-27T07:00:00+00:00,49157.91,49184.91,49145.41,49165.91,6663
2026-04-27T08:00:00+00:00,49165.91,49196.91,49135.91,49191.91,7248
2026-04-27T09:00:00+00:00,49191.91,49208.91,49166.41,49170.41,3319
2026-04-27T10:00:00+00:00,49170.41,49215.41,49157.41,49203.41,3656
2026-04-27T11:00:00+00:00,49203.41,49216.41,49181.41,49200.41,3898
2026-04-27T12:00:00+00:00,49200.41,49220.91,49161.41,49174.41,8521
2026-04-27T13:00:00+00:00,49174.41,49381.76,49121.41,49264.76,57831
2026-04-27T14:00:00+00:00,49264.76,49278.76,49159.26,49159.76,41304
2026-04-27T15:00:00+00:00,49159.76,49165.76,49048.76,49143.26,24573
2026-04-27T16:00:00+00:00,49143.26,49208.76,49127.76,49183.76,13420
2026-04-27T17:00:00+00:00,49183.76,49220.26,49143.76,49157.76,14199
2026-04-27T18:00:00+00:00,49157.76,49226.76,49146.76,49206.76,11045
2026-04-27T19:00:00+00:00,49206.76,49248.26,49194.26,49204.76,15986
2026-04-27T20:00:00+00:00,49204.76,49211.41,49182.91,49204.66,2459
2026-04-27T22:00:00+00:00,49204.66,49293.19,49204.66,49266.19,4539
2026-04-27T23:00:00+00:00,49266.19,49277.19,49256.19,49260.69,1638
2026-04-28T00:00:00+00:00,49260.69,49303.19,49242.19,49243.19,8305
2026-04-28T01:00:00+00:00,49243.19,49292.69,49236.19,49249.19,6329
2026-04-28T02:00:00+00:00,49249.19,49266.69,49239.69,49250.19,4262
2026-04-28T03:00:00+00:00,49250.19,49278.69,49242.69,49262.69,3210
2026-04-28T04:00:00+00:00,49262.69,49275.69,49247.19,49264.69,2409
2026-04-28T05:00:00+00:00,49264.69,49268.19,49203.69,49215.19,5282
2026-04-28T06:00:00+00:00,49215.19,49246.69,49198.69,49212.19,6588
2026-04-28T07:00:00+00:00,49212.19,49261.69,49183.19,49255.69,9154
2026-04-28T08:00:00+00:00,49255.69,49316.19,49185.19,49292.19,11125
2026-04-28T09:00:00+00:00,49292.19,49377.69,49271.19,49345.19,9040
2026-04-28T10:00:00+00:00,49345.19,49370.19,49309.19,49325.19,6455
2026-04-28T11:00:00+00:00,49325.19,49413.69,49271.69,49310.19,19628
2026-04-28T12:00:00+00:00,49310.19,49368.19,49225.19,49365.19,24262
2026-04-28T13:00:00+00:00,49365.19,49412.04000000001,49228.54000000001,49230.04000000001,64376
2026-04-28T14:00:00+00:00,49230.04000000001,49250.54000000001,49104.54000000001,49210.54000000001,65391
2026-04-28T15:00:00+00:00,49210.54000000001,49278.04000000001,49204.54000000001,49266.54000000001,38813
2026-04-28T16:00:00+00:00,49266.54000000001,49309.54000000001,49187.54000000001,49214.04000000001,22530
2026-04-28T17:00:00+00:00,49214.04000000001,49240.04000000001,49168.04000000001,49198.54000000001,17461
2026-04-28T18:00:00+00:00,49198.54000000001,49213.54000000001,49108.04000000001,49143.04000000001,16892
2026-04-28T19:00:00+00:00,49143.04000000001,49184.54000000001,49096.04000000001,49160.04000000001,19634
2026-04-28T20:00:00+00:00,49160.04000000001,49224.19,49138.19,49219.44,5495
2026-04-28T22:00:00+00:00,49219.44,49252.50000000001,49218.75000000001,49237.50000000001,2610.889756985847
2026-04-28T23:00:00+00:00,49237.50000000001,49251.50000000001,49226.00000000001,49250.00000000001,739.602522609285
2026-04-29T00:00:00+00:00,49250.00000000001,49287.50000000001,49250.00000000001,49272.50000000001,3099
2026-04-29T01:00:00+00:00,49272.50000000001,49275.00000000001,49210.50000000001,49244.00000000001,7938
2026-04-29T02:00:00+00:00,49244.00000000001,49280.50000000001,49244.00000000001,49254.50000000001,2866
2026-04-29T03:00:00+00:00,49254.50000000001,49273.50000000001,49240.50000000001,49251.00000000001,1686
2026-04-29T04:00:00+00:00,49251.00000000001,49261.00000000001,49247.50000000001,49250.00000000001,1396
2026-04-29T05:00:00+00:00,49250.00000000001,49267.50000000001,49238.50000000001,49259.50000000001,1661
2026-04-29T06:00:00+00:00,49259.50000000001,49274.00000000001,49236.50000000001,49238.50000000001,3247
2026-04-29T07:00:00+00:00,49238.50000000001,49256.00000000001,49187.50000000001,49215.00000000001,7468
2026-04-29T08:00:00+00:00,49215.00000000001,49252.00000000001,49142.50000000001,49174.50000000001,13119
2026-04-29T09:00:00+00:00,49174.50000000001,49200.00000000001,49117.50000000001,49131.00000000001,9056
2026-04-29T10:00:00+00:00,49131.00000000001,49218.00000000001,49116.50000000001,49187.50000000001,6727
2026-04-29T11:00:00+00:00,49187.50000000001,49205.50000000001,49141.00000000001,49163.00000000001,8284
2026-04-29T12:00:00+00:00,49163.00000000001,49172.00000000001,49071.00000000001,49152.50000000001,11820
2026-04-29T13:00:00+00:00,49152.50000000001,49190.00000000001,48864.850000000006,48931.350000000006,54274
2026-04-29T14:00:00+00:00,48931.350000000006,49040.850000000006,48899.350000000006,48906.850000000006,40970
2026-04-29T15:00:00+00:00,48906.850000000006,48921.850000000006,48749.350000000006,48799.850000000006,37863
2026-04-29T16:00:00+00:00,48799.850000000006,48872.850000000006,48787.850000000006,48851.350000000006,28357
2026-04-29T17:00:00+00:00,48851.350000000006,48870.850000000006,48802.850000000006,48853.75000000001,23630
2026-04-29T18:00:00+00:00,48853.75000000001,48855.850000000006,48716.350000000006,48848.850000000006,48509
2026-04-29T19:00:00+00:00,48848.850000000006,48901.850000000006,48801.850000000006,48890.850000000006,34450
2026-04-29T20:00:00+00:00,48890.850000000006,49001.00000000001,48659.00000000001,48666.50000000001,31239
2026-04-29T22:00:00+00:00,48666.50000000001,48822.96000000001,48650.21000000001,48721.46000000001,6603
2026-04-29T23:00:00+00:00,48721.46000000001,48738.96000000001,48705.46000000001,48727.96000000001,3775.127639000806
2026-04-30T00:00:00+00:00,48727.96000000001,48759.96000000001,48713.96000000001,48748.96000000001,6687
2026-04-30T01:00:00+00:00,48748.96000000001,48784.96000000001,48734.46000000001,48782.96000000001,4716
2026-04-30T02:00:00+00:00,48782.96000000001,48782.96000000001,48609.46000000001,48702.96000000001,12380
2026-04-30T03:00:00+00:00,48702.96000000001,48722.46000000001,48639.96000000001,48641.46000000001,6845
2026-04-30T04:00:00+00:00,48641.46000000001,48646.96000000001,48555.96000000001,48558.46000000001,9328
2026-04-30T05:00:00+00:00,48558.46000000001,48637.96000000001,48557.46000000001,48565.96000000001,7224
2026-04-30T06:00:00+00:00,48565.96000000001,48620.96000000001,48482.96000000001,48599.46000000001,13728
2026-04-30T07:00:00+00:00,48599.46000000001,48654.46000000001,48570.96000000001,48625.96000000001,13833
2026-04-30T08:00:00+00:00,48625.96000000001,48717.46000000001,48623.96000000001,48693.96000000001,11199
2026-04-30T09:00:00+00:00,48693.96000000001,48817.96000000001,48642.96000000001,48772.46000000001,14725
2026-04-30T10:00:00+00:00,48772.46000000001,49265.46000000001,48772.46000000001,49186.96000000001,19462
2026-04-30T11:00:00+00:00,49186.96000000001,49270.96000000001,49147.71000000001,49160.96000000001,14577
2026-04-30T12:00:00+00:00,49160.96000000001,49284.96000000001,49136.46000000001,49189.96000000001,12449
2026-04-30T13:00:00+00:00,49189.96000000001,49296.310000000005,49060.810000000005,49280.810000000005,54547
2026-04-30T14:00:00+00:00,49280.810000000005,49520.810000000005,49247.810000000005,49472.310000000005,53150
2026-04-30T15:00:00+00:00,49472.310000000005,49627.810000000005,49399.310000000005,49620.810000000005,32705
2026-04-30T16:00:00+00:00,49620.810000000005,49641.810000000005,49539.310000000005,49562.810000000005,18059
2026-04-30T17:00:00+00:00,49562.810000000005,49642.810000000005,49546.310000000005,49617.310000000005,17696
2026-04-30T18:00:00+00:00,49617.310000000005,49765.810000000005,49612.310000000005,49716.810000000005,15581
2026-04-30T19:00:00+00:00,49716.810000000005,49791.810000000005,49690.810000000005,49692.96000000001,23968
2026-04-30T20:00:00+00:00,49692.96000000001,49809.96000000001,49649.96000000001,49783.21000000001,10267
2026-04-30T22:00:00+00:00,49783.21000000001,49823.030000000006,49757.030000000006,49771.530000000006,4542
2026-04-30T23:00:00+00:00,49771.530000000006,49802.530000000006,49759.030000000006,49782.030000000006,2732
2026-05-01T00:00:00+00:00,49782.030000000006,49819.530000000006,49762.530000000006,49799.530000000006,4957
2026-05-01T01:00:00+00:00,49799.530000000006,49826.530000000006,49782.030000000006,49814.530000000006,2600
2026-05-01T02:00:00+00:00,49814.530000000006,49816.030000000006,49783.030000000006,49792.530000000006,1327
2026-05-01T03:00:00+00:00,49792.530000000006,49804.530000000006,49771.030000000006,49773.530000000006,1533
2026-05-01T04:00:00+00:00,49773.530000000006,49783.030000000006,49759.530000000006,49778.530000000006,1267
2026-05-01T05:00:00+00:00,49778.530000000006,49792.530000000006,49771.030000000006,49784.030000000006,1225
2026-05-01T06:00:00+00:00,49784.030000000006,49790.030000000006,49745.530000000006,49757.030000000006,2078
2026-05-01T07:00:00+00:00,49757.030000000006,49785.030000000006,49744.530000000006,49748.030000000006,3057
2026-05-01T08:00:00+00:00,49748.030000000006,49771.030000000006,49737.530000000006,49768.030000000006,2892
2026-05-01T09:00:00+00:00,49768.030000000006,49818.530000000006,49745.030000000006,49815.530000000006,2324
2026-05-01T10:00:00+00:00,49815.530000000006,49862.030000000006,49802.030000000006,49849.530000000006,2550
2026-05-01T11:00:00+00:00,49849.530000000006,49857.530000000006,49821.530000000006,49839.530000000006,3551
2026-05-01T12:00:00+00:00,49839.530000000006,49969.530000000006,49829.030000000006,49850.030000000006,10549
2026-05-01T13:00:00+00:00,49850.030000000006,49950.880000000005,49745.380000000005,49943.380000000005,48380
2026-05-01T14:00:00+00:00,49943.380000000005,50014.880000000005,49784.380000000005,49791.880000000005,51644
2026-05-01T15:00:00+00:00,49791.880000000005,49803.880000000005,49661.780000000006,49685.880000000005,31799
2026-05-01T16:00:00+00:00,49685.880000000005,49699.880000000005,49583.880000000005,49615.880000000005,26499
2026-05-01T17:00:00+00:00,49615.880000000005,49721.880000000005,49612.380000000005,49686.880000000005,14469
2026-05-01T18:00:00+00:00,49686.880000000005,49700.880000000005,49559.880000000005,49578.880000000005,18243
2026-05-01T19:00:00+00:00,49578.880000000005,49643.380000000005,49511.380000000005,49518.380000000005,17988
2026-05-01T20:00:00+00:00,49518.380000000005,49536.030000000006,49491.04,49495.54,3255
2026-05-03T22:00:00+00:00,49495.54,49725.61,49495.54,49650.11,5265
2026-05-03T23:00:00+00:00,49650.11,49661.11,49597.11,49621.11,3388
2026-05-04T00:00:00+00:00,49621.11,49627.61,49552.61,49595.11,8355
2026-05-04T01:00:00+00:00,49595.11,49600.11,49533.11,49543.61,6847
2026-05-04T02:00:00+00:00,49543.61,49548.61,49498.61,49511.61,5330
2026-05-04T03:00:00+00:00,49511.61,49531.61,49493.61,49522.11,3021
2026-05-04T04:00:00+00:00,49522.11,49540.11,49509.11,49522.61,1844
2026-05-04T05:00:00+00:00,49522.61,49572.11,49518.11,49555.11,3321
2026-05-04T06:00:00+00:00,49555.11,49570.11,49487.11,49503.61,6747
2026-05-04T07:00:00+00:00,49503.61,49563.11,49484.61,49504.61,7934
2026-05-04T08:00:00+00:00,49504.61,49506.11,49415.11,49459.11,10486
2026-05-04T09:00:00+00:00,49459.11,49488.11,49450.61,49473.11,5390
2026-05-04T10:00:00+00:00,49473.11,49486.11,49147.11,49363.11,41886
2026-05-04T11:00:00+00:00,49363.11,49407.11,49296.11,49366.61,19051
2026-05-04T12:00:00+00:00,49366.61,49451.61,49366.11,49404.11,13853
2026-05-04T13:00:00+00:00,49404.11,49435.11,49267.46,49361.46,57406
2026-05-04T14:00:00+00:00,49361.46,49483.96,49279.46,49347.96,44010
2026-05-04T15:00:00+00:00,49347.96,49368.96,49059.96,49115.96,67839
2026-05-04T16:00:00+00:00,49115.96,49127.96,48941.96,48995.96,52171
2026-05-04T17:00:00+00:00,48995.96,49152.46,48978.96,49076.96,30002
2026-05-04T18:00:00+00:00,49076.96,49132.96,48956.96,48980.96,20758
2026-05-04T19:00:00+00:00,48980.96,49031.46,48962.96,49007.96,25340
2026-05-04T20:00:00+00:00,49007.96,49007.96,48949.11,48999.36,4209
2026-05-04T22:00:00+00:00,48999.36,49052.950000000004,48999.36,49021.950000000004,2963
2026-05-04T23:00:00+00:00,49021.950000000004,49031.950000000004,49005.950000000004,49020.950000000004,1494
2026-05-05T00:00:00+00:00,49020.950000000004,49062.450000000004,48989.950000000004,49024.950000000004,5565
2026-05-05T01:00:00+00:00,49024.950000000004,49038.950000000004,48994.950000000004,49024.950000000004,4923
2026-05-05T02:00:00+00:00,49024.950000000004,49062.450000000004,49023.950000000004,49035.950000000004,2642
2026-05-05T03:00:00+00:00,49035.950000000004,49061.950000000004,49033.450000000004,49055.950000000004,1246
2026-05-05T04:00:00+00:00,49055.950000000004,49080.950000000004,49049.950000000004,49065.950000000004,1474
2026-05-05T05:00:00+00:00,49065.950000000004,49090.450000000004,49050.950000000004,49084.950000000004,2262
2026-05-05T06:00:00+00:00,49084.950000000004,49110.450000000004,49032.950000000004,49107.950000000004,6115
2026-05-05T07:00:00+00:00,49107.950000000004,49195.950000000004,49101.950000000004,49115.450000000004,9447
2026-05-05T08:00:00+00:00,49115.450000000004,49162.950000000004,49112.950000000004,49131.450000000004,7440
2026-05-05T09:00:00+00:00,49131.450000000004,49162.950000000004,49097.450000000004,49142.450000000004,5461
2026-05-05T10:00:00+00:00,49142.450000000004,49188.950000000004,49120.950000000004,49140.950000000004,4748
2026-05-05T11:00:00+00:00,49140.950000000004,49173.950000000004,49071.950000000004,49171.950000000004,7281
2026-05-05T12:00:00+00:00,49171.950000000004,49235.950000000004,49155.450000000004,49186.450000000004,9819
2026-05-05T13:00:00+00:00,49186.450000000004,49269.3,49051.3,49223.8,43427
2026-05-05T14:00:00+00:00,49223.8,49312.8,49163.8,49312.3,44313
2026-05-05T15:00:00+00:00,49312.3,49360.3,49214.8,49225.8,22619
2026-05-05T16:00:00+00:00,49225.8,49275.3,49225.3,49235.8,15662
2026-05-05T17:00:00+00:00,49235.8,49324.8,49223.8,49293.8,11345
2026-05-05T18:00:00+00:00,49293.8,49348.8,49281.8,49328.8,9974
2026-05-05T19:00:00+00:00,49328.8,49406.8,49315.3,49343.8,15572
2026-05-05T20:00:00+00:00,49343.8,49386.950000000004,49281.950000000004,49324.950000000004,6318
2026-05-05T22:00:00+00:00,49324.950000000004,49458.79,49284.79,49443.29,8942
2026-05-05T23:00:00+00:00,49443.29,49487.29,49416.29,49426.29,6077
2026-05-06T00:00:00+00:00,49426.29,49458.79,49416.79,49439.79,7360
2026-05-06T01:00:00+00:00,49439.79,49504.29,49439.29,49488.29,4723
2026-05-06T02:00:00+00:00,49488.29,49489.79,49439.79,49442.79,3003
2026-05-06T03:00:00+00:00,49442.79,49477.29,49440.79,49457.79,2334
2026-05-06T04:00:00+00:00,49457.79,49478.79,49439.29,49442.29,3196
2026-05-06T05:00:00+00:00,49442.29,49443.29,49405.79,49436.29,2622
2026-05-06T06:00:00+00:00,49436.29,49463.29,49392.79,49426.29,5461
2026-05-06T07:00:00+00:00,49426.29,49476.79,49412.79,49473.79,7425
2026-05-06T08:00:00+00:00,49473.79,49714.29,49437.29,49650.29,18537
2026-05-06T09:00:00+00:00,49650.29,49761.79,49585.29,49757.79,19371
2026-05-06T10:00:00+00:00,49757.79,49944.79,49754.04,49914.29,17852
2026-05-06T11:00:00+00:00,49914.29,49995.29,49822.29,49850.79,19375
2026-05-06T12:00:00+00:00,49850.79,49865.79,49666.79,49764.79,20423
2026-05-06T13:00:00+00:00,49764.79,49927.14,49699.79,49886.14,67197
2026-05-06T14:00:00+00:00,49886.14,50008.64,49775.64,50004.14,56704
2026-05-06T15:00:00+00:00,50004.14,50025.14,49861.64,49894.14,30273
2026-05-06T16:00:00+00:00,49894.14,49896.14,49829.64,49848.14,20618
2026-05-06T17:00:00+00:00,49848.14,49901.14,49818.14,49900.14,15341
2026-05-06T18:00:00+00:00,49900.14,49990.14,49887.14,49954.14,15751
2026-05-06T19:00:00+00:00,49954.14,50067.14,49953.14,49958.64,23905
2026-05-06T20:00:00+00:00,49958.64,49983.79,49927.79,49957.04,6179
2026-05-06T22:00:00+00:00,49957.04,49990.11,49926.11,49930.61,2870
2026-05-06T23:00:00+00:00,49930.61,49947.61,49921.11,49932.11,2051.815448851775
2026-05-07T00:00:00+00:00,49932.11,50004.11,49929.61,50001.11,6342
2026-05-07T01:00:00+00:00,50001.11,50039.11,49983.11,50029.11,3938
2026-05-07T02:00:00+00:00,50029.11,50040.11,50003.11,50029.11,3660
2026-05-07T03:00:00+00:00,50029.11,50043.61,50012.11,50031.61,1800
2026-05-07T04:00:00+00:00,50031.61,50053.61,50026.11,50048.11,1409
2026-05-07T05:00:00+00:00,50048.11,50061.11,50030.11,50030.11,1731
2026-05-07T06:00:00+00:00,50030.11,50133.11,50014.61,50084.61,4892
2026-05-07T07:00:00+00:00,50084.61,50154.61,50040.61,50079.11,14133
2026-05-07T08:00:00+00:00,50079.11,50108.61,49998.61,50010.61,11011
2026-05-07T09:00:00+00:00,50010.61,50016.11,49955.11,49971.11,6628
2026-05-07T10:00:00+00:00,49971.11,50004.61,49954.11,49984.11,5824
2026-05-07T11:00:00+00:00,49984.11,50081.11,49984.11,50025.61,7507
2026-05-07T12:00:00+00:00,50025.61,50112.11,50022.61,50080.11,7209
2026-05-07T13:00:00+00:00,50080.11,50175.46,49893.46,49928.46,60138
2026-05-07T14:00:00+00:00,49928.46,49966.46,49757.96,49929.46,44212
2026-05-07T15:00:00+00:00,49929.46,49949.46,49826.46,49855.46,35097
2026-05-07T16:00:00+00:00,49855.46,49861.46,49656.46,49668.96,39127
2026-05-07T17:00:00+00:00,49668.96,49745.46,49539.36,49638.46,55204
2026-05-07T18:00:00+00:00,49638.46,49711.46,49520.46,49620.46,41075
2026-05-07T19:00:00+00:00,49620.46,49669.46,49567.46,49639.46,36421
2026-05-07T20:00:00+00:00,49639.46,49768.11,49570.61,49576.86,14017
2026-05-07T22:00:00+00:00,49576.86,49626.41,49536.16,49575.41,6566
2026-05-07T23:00:00+00:00,49575.41,49651.91,49569.41,49651.41,2509
2026-05-08T00:00:00+00:00,49651.41,49703.91,49637.91,49666.91,7292
2026-05-08T01:00:00+00:00,49666.91,49706.41,49662.41,49673.91,5422
2026-05-08T02:00:00+00:00,49673.91,49716.41,49634.41,49692.41,6046
2026-05-08T03:00:00+00:00,49692.41,49717.91,49677.41,49697.41,3579
2026-05-08T04:00:00+00:00,49697.41,49701.41,49655.91,49684.91,2998
2026-05-08T05:00:00+00:00,49684.91,49703.91,49677.41,49689.91,3652
2026-05-08T06:00:00+00:00,49689.91,49739.91,49670.91,49722.41,5947
2026-05-08T07:00:00+00:00,49722.41,49724.41,49665.41,49714.41,10374
2026-05-08T08:00:00+00:00,49714.41,49750.41,49679.91,49739.41,8478
2026-05-08T09:00:00+00:00,49739.41,49804.91,49723.41,49754.41,6283
2026-05-08T10:00:00+00:00,49754.41,49795.41,49739.41,49778.41,5649
2026-05-08T11:00:00+00:00,49778.41,49802.91,49763.41,49785.91,5239
2026-05-08T12:00:00+00:00,49785.91,49889.41,49755.41,49786.41,13136
2026-05-08T13:00:00+00:00,49786.41,49881.26,49667.26,49726.76,59540
2026-05-08T14:00:00+00:00,49726.76,49786.76,49659.26,49699.26,45638
2026-05-08T15:00:00+00:00,49699.26,49714.26,49600.26,49681.76,29247
2026-05-08T16:00:00+00:00,49681.76,49719.76,49590.26,49591.26,19741
2026-05-08T17:00:00+00:00,49591.26,49666.76,49588.26,49641.26,17290
2026-05-08T18:00:00+00:00,49641.26,49694.76,49517.26,49549.26,17666
2026-05-08T19:00:00+00:00,49549.26,49641.76,49531.26,49636.26,21505
2026-05-08T20:00:00+00:00,49636.26,49653.91,49604.9,49644.65,3265
2026-05-10T22:00:00+00:00,49644.65,49644.65,49380.4,49496.15,6549
2026-05-10T23:00:00+00:00,49496.15,49509.65,49461.15,49464.65,3324.6144127281236
2026-05-11T00:00:00+00:00,49464.65,49485.15,49387.15,49436.65,10357
2026-05-11T01:00:00+00:00,49436.65,49481.65,49432.15,49473.15,8154
2026-05-11T02:00:00+00:00,49473.15,49494.15,49462.65,49472.15,3467
2026-05-11T03:00:00+00:00,49472.15,49526.15,49451.65,49500.65,3523
2026-05-11T04:00:00+00:00,49500.65,49508.65,49482.15,49493.15,1912
2026-05-11T05:00:00+00:00,49493.15,49521.15,49492.15,49510.15,2626
2026-05-11T06:00:00+00:00,49510.15,49549.65,49505.65,49546.15,4193
2026-05-11T07:00:00+00:00,49546.15,49562.15,49512.15,49539.15,5714
2026-05-11T08:00:00+00:00,49539.15,49617.15,49532.15,49581.65,7085
2026-05-11T09:00:00+00:00,49581.65,49618.65,49568.15,49578.15,4848
2026-05-11T10:00:00+00:00,49578.15,49609.65,49570.65,49578.65,4436
2026-05-11T11:00:00+00:00,49578.65,49578.65,49504.65,49523.15,5929
2026-05-11T12:00:00+00:00,49523.15,49608.65,49509.65,49534.65,9649
2026-05-11T13:00:00+00:00,49534.65,49716.5,49472,49715,69083
2026-05-11T14:00:00+00:00,49715,49723.5,49557,49648.5,59373
2026-05-11T15:00:00+00:00,49648.5,49692.5,49592.5,49618.5,32458
2026-05-11T16:00:00+00:00,49618.5,49664.5,49571,49593.5,26186
2026-05-11T17:00:00+00:00,49593.5,49748.5,49583,49744.5,18715
2026-05-11T18:00:00+00:00,49744.5,49780.5,49620,49623.5,18229
2026-05-11T19:00:00+00:00,49623.5,49716,49601.5,49715.5,26255
2026-05-11T20:00:00+00:00,49715.5,49736.65,49669.65,49722.4,5945
2026-05-11T22:00:00+00:00,49722.4,49752.21,49704.96,49730.71,1477.9591033020297
2026-05-11T23:00:00+00:00,49730.71,49734.21,49703.71,49716.21,927.4847553696872
2026-05-12T00:00:00+00:00,49716.21,49717.21,49658.71,49669.71,5261
2026-05-12T01:00:00+00:00,49669.71,49691.71,49623.71,49686.71,9762
2026-05-12T02:00:00+00:00,49686.71,49724.71,49669.71,49695.21,5750
2026-05-12T03:00:00+00:00,49695.21,49709.21,49674.71,49680.21,3030
2026-05-12T04:00:00+00:00,49680.21,49704.21,49676.21,49677.71,2982
2026-05-12T05:00:00+00:00,49677.71,49705.71,49661.71,49690.21,4350
2026-05-12T06:00:00+00:00,49690.21,49696.71,49596.21,49602.71,5995
2026-05-12T07:00:00+00:00,49602.71,49696.21,49553.71,49681.71,9455
2026-05-12T08:00:00+00:00,49681.71,49716.21,49645.21,49656.21,10538
2026-05-12T09:00:00+00:00,49656.21,49695.71,49619.21,49640.21,8840
2026-05-12T10:00:00+00:00,49640.21,49678.71,49635.21,49678.71,5309
2026-05-12T11:00:00+00:00,49678.71,49707.21,49631.21,49673.21,9866
2026-05-12T12:00:00+00:00,49673.21,49743.21,49629.71,49731.21,13985
2026-05-12T13:00:00+00:00,49731.21,49740.71,49307.060000000005,49415.060000000005,71775
2026-05-12T14:00:00+00:00,49415.060000000005,49500.060000000005,49351.560000000005,49437.060000000005,66645
2026-05-12T15:00:00+00:00,49437.060000000005,49566.560000000005,49399.560000000005,49529.060000000005,49290
2026-05-12T16:00:00+00:00,49529.060000000005,49643.560000000005,49489.060000000005,49641.060000000005,35060
2026-05-12T17:00:00+00:00,49641.060000000005,49736.560000000005,49625.060000000005,49721.060000000005,33641
2026-05-12T18:00:00+00:00,49721.060000000005,49787.060000000005,49681.560000000005,49779.560000000005,27363
2026-05-12T19:00:00+00:00,49779.560000000005,49834.060000000005,49765.060000000005,49785.560000000005,30067
2026-05-12T20:00:00+00:00,49785.560000000005,49788.21,49747.21,49778.96,5547
2026-05-12T22:00:00+00:00,49778.96,49803.57,49754.82,49783.07,2602
2026-05-12T23:00:00+00:00,49783.07,49784.07,49728.07,49731.07,2994
2026-05-13T00:00:00+00:00,49731.07,49778.57,49730.07,49755.57,9606
2026-05-13T01:00:00+00:00,49755.57,49797.57,49740.57,49768.57,6397
2026-05-13T02:00:00+00:00,49768.57,49768.57,49744.07,49755.57,2886
2026-05-13T03:00:00+00:00,49755.57,49791.57,49734.07,49782.57,2896
2026-05-13T04:00:00+00:00,49782.57,49789.07,49756.07,49784.07,1908
2026-05-13T05:00:00+00:00,49784.07,49809.07,49778.07,49797.07,2593
2026-05-13T06:00:00+00:00,49797.07,49799.57,49744.57,49762.57,3494
2026-05-13T07:00:00+00:00,49762.57,49799.07,49742.57,49774.07,5419
2026-05-13T08:00:00+00:00,49774.07,49791.57,49694.07,49715.07,6210
2026-05-13T09:00:00+00:00,49715.07,49723.07,49632.57,49679.57,5826
2026-05-13T10:00:00+00:00,49679.57,49704.07,49613.07,49640.57,6485
2026-05-13T11:00:00+00:00,49640.57,49672.07,49629.07,49646.57,5980
2026-05-13T12:00:00+00:00,49646.57,49661.07,49506.57,49535.07,15155
2026-05-13T13:00:00+00:00,49535.07,49652.57,49450.420000000006,49548.920000000006,66512
2026-05-13T14:00:00+00:00,49548.920000000006,49683.920000000006,49485.920000000006,49500.920000000006,57393
2026-05-13T15:00:00+00:00,49500.920000000006,49577.920000000006,49456.420000000006,49550.920000000006,33172
2026-05-13T16:00:00+00:00,49550.920000000006,49650.420000000006,49517.920000000006,49604.920000000006,24540
2026-05-13T17:00:00+00:00,49604.920000000006,49676.920000000006,49593.420000000006,49668.920000000006,19768
2026-05-13T18:00:00+00:00,49668.920000000006,49732.920000000006,49653.420000000006,49708.920000000006,22172
2026-05-13T19:00:00+00:00,49708.920000000006,49756.920000000006,49685.920000000006,49710.420000000006,22569
2026-05-13T20:00:00+00:00,49710.420000000006,49826.57,49692.07,49812.32,5886
2026-05-13T22:00:00+00:00,49812.32,49845.62,49794.12,49825.62,2997
2026-05-13T23:00:00+00:00,49825.62,49833.62,49806.62,49820.12,2230.822229289235
2026-05-14T00:00:00+00:00,49820.12,49849.12,49798.12,49831.62,5636
2026-05-14T01:00:00+00:00,49831.62,49834.12,49791.62,49797.62,3904
2026-05-14T02:00:00+00:00,49797.62,49833.62,49795.62,49824.12,2974
2026-05-14T03:00:00+00:00,49824.12,49842.12,49815.12,49822.62,2696
2026-05-14T04:00:00+00:00,49822.62,49844.12,49815.12,49826.62,2578
2026-05-14T05:00:00+00:00,49826.62,49881.12,49814.12,49845.62,6116
2026-05-14T06:00:00+00:00,49845.62,49901.12,49845.12,49880.62,5985
2026-05-14T07:00:00+00:00,49880.62,49901.62,49823.12,49827.62,6966
2026-05-14T08:00:00+00:00,49827.62,49952.62,49816.62,49933.62,8647
2026-05-14T09:00:00+00:00,49933.62,49971.12,49884.12,49962.62,6924
2026-05-14T10:00:00+00:00,49962.62,50071.12,49950.12,50055.12,9814
2026-05-14T11:00:00+00:00,50055.12,50112.62,50044.62,50079.62,8115
2026-05-14T12:00:00+00:00,50079.62,50161.12,50078.12,50160.12,10630
2026-05-14T13:00:00+00:00,50160.12,50185.62,49900.97,49977.97,70496
2026-05-14T14:00:00+00:00,49977.97,50091.97,49873.97,50065.97,60073
2026-05-14T15:00:00+00:00,50065.97,50190.47,50051.97,50186.97,36447
2026-05-14T16:00:00+00:00,50186.97,50212.47,49983.47,50018.97,37314
2026-05-14T17:00:00+00:00,50018.97,50095.97,49980.47,50031.97,34990
2026-05-14T18:00:00+00:00,50031.97,50117.47,49988.97,50084.97,28915
2026-05-14T19:00:00+00:00,50084.97,50112.47,50051.47,50076.97,23898
2026-05-14T20:00:00+00:00,50076.97,50097.12,50033.12,50077.37,5433
2026-05-14T22:00:00+00:00,50077.37,50077.37,50026.53,50041.53,2504
2026-05-14T23:00:00+00:00,50041.53,50056.53,50007.03,50013.53,2088.2031441906165
2026-05-15T00:00:00+00:00,50013.53,50017.03,49953.03,49961.53,8678
2026-05-15T01:00:00+00:00,49961.53,49966.53,49854.53,49862.53,12817
2026-05-15T02:00:00+00:00,49862.53,49966.53,49858.03,49940.53,9569
2026-05-15T03:00:00+00:00,49940.53,49967.03,49916.03,49942.53,6717
2026-05-15T04:00:00+00:00,49942.53,49947.53,49917.53,49933.53,5585
2026-05-15T05:00:00+00:00,49933.53,49935.03,49830.03,49836.03,11291
2026-05-15T06:00:00+00:00,49836.03,49907.53,49825.03,49878.03,15164
2026-05-15T07:00:00+00:00,49878.03,49898.03,49825.53,49830.53,10903
2026-05-15T08:00:00+00:00,49830.53,49836.03,49646.03,49749.53,21908
2026-05-15T09:00:00+00:00,49749.53,49770.53,49675.53,49727.53,17792
2026-05-15T10:00:00+00:00,49727.53,49889.53,49700.03,49832.53,21388
2026-05-15T11:00:00+00:00,49832.53,49856.53,49702.53,49703.53,14939
2026-05-15T12:00:00+00:00,49703.53,49703.53,49563.53,49607.53,20349
2026-05-15T13:00:00+00:00,49607.53,49752.880000000005,49518.880000000005,49628.380000000005,76655
2026-05-15T14:00:00+00:00,49628.380000000005,49746.880000000005,49573.880000000005,49624.380000000005,71915
2026-05-15T15:00:00+00:00,49624.380000000005,49645.880000000005,49487.880000000005,49555.880000000005,52449
2026-05-15T16:00:00+00:00,49555.880000000005,49649.380000000005,49498.880000000005,49615.380000000005,38010
2026-05-15T17:00:00+00:00,49615.380000000005,49694.380000000005,49595.380000000005,49626.880000000005,29249
2026-05-15T18:00:00+00:00,49626.880000000005,49650.380000000005,49525.880000000005,49589.380000000005,36015
2026-05-15T19:00:00+00:00,49589.380000000005,49602.880000000005,49506.880000000005,49519.880000000005,37437
2026-05-15T20:00:00+00:00,49519.880000000005,49520.03,49361.27,49411.52,12472
2026-05-17T22:00:00+00:00,49411.52,49500.31,49383.81,49481.31,8115
2026-05-17T23:00:00+00:00,49481.31,49484.81,49318.31,49394.31,14542
2026-05-18T00:00:00+00:00,49394.31,49394.31,49247.31,49293.31,39599
2026-05-18T01:00:00+00:00,49293.31,49306.31,49148.31,49198.81,27038
2026-05-18T02:00:00+00:00,49198.81,49215.31,49113.31,49134.31,12227
2026-05-18T03:00:00+00:00,49134.31,49161.81,49106.31,49135.81,9473
2026-05-18T04:00:00+00:00,49135.81,49152.31,49097.31,49146.81,8399
2026-05-18T05:00:00+00:00,49146.81,49226.31,49134.81,49192.81,12082
2026-05-18T06:00:00+00:00,49192.81,49228.31,49142.81,49224.31,13971
2026-05-18T07:00:00+00:00,49224.31,49287.81,49161.31,49234.81,18407
2026-05-18T08:00:00+00:00,49234.81,49294.31,49224.81,49294.31,12225
2026-05-18T09:00:00+00:00,49294.31,49299.81,49223.81,49264.81,8832
2026-05-18T10:00:00+00:00,49264.81,49271.81,49179.81,49208.31,10418
2026-05-18T11:00:00+00:00,49208.31,49468.81,49141.81,49373.31,24196
2026-05-18T12:00:00+00:00,49373.31,49645.31,49364.81,49598.31,24468
2026-05-18T13:00:00+00:00,49598.31,49790.159999999996,49470.659999999996,49698.159999999996,67521
2026-05-18T14:00:00+00:00,49698.159999999996,49737.659999999996,49576.659999999996,49652.159999999996,69729
2026-05-18T15:00:00+00:00,49652.159999999996,49682.159999999996,49433.659999999996,49532.659999999996,54001
2026-05-18T16:00:00+00:00,49532.659999999996,49630.159999999996,49484.159999999996,49549.659999999996,44774
2026-05-18T17:00:00+00:00,49549.659999999996,49651.659999999996,49522.159999999996,49589.659999999996,31397
2026-05-18T18:00:00+00:00,49589.659999999996,49595.659999999996,49374.659999999996,49396.659999999996,41692
2026-05-18T19:00:00+00:00,49396.659999999996,49725.659999999996,49387.659999999996,49715.659999999996,56369
2026-05-18T20:00:00+00:00,49715.659999999996,49720.81,49660.81,49689.56,6943
2026-05-18T22:00:00+00:00,49689.56,49757.03,49674.03,49732.53,5094
2026-05-18T23:00:00+00:00,49732.53,49754.53,49687.53,49696.03,3621
2026-05-19T00:00:00+00:00,49696.03,49756.03,49676.53,49687.53,16420
2026-05-19T01:00:00+00:00,49687.53,49709.53,49632.53,49678.53,12092
2026-05-19T02:00:00+00:00,49678.53,49697.03,49631.03,49666.03,10266
2026-05-19T03:00:00+00:00,49666.03,49721.03,49642.53,49664.03,6522
2026-05-19T04:00:00+00:00,49664.03,49665.03,49576.03,49617.53,9766
2026-05-19T05:00:00+00:00,49617.53,49628.53,49545.03,49595.53,12325
2026-05-19T06:00:00+00:00,49595.53,49697.53,49564.53,49651.53,12965
2026-05-19T07:00:00+00:00,49651.53,49775.03,49637.03,49768.53,13792
2026-05-19T08:00:00+00:00,49768.53,49777.03,49628.03,49697.03,12879
2026-05-19T09:00:00+00:00,49697.03,49697.03,49535.03,49629.53,14912
2026-05-19T10:00:00+00:00,49629.53,49678.53,49551.03,49643.03,15589
2026-05-19T11:00:00+00:00,49643.03,49668.53,49546.53,49547.03,13199
2026-05-19T12:00:00+00:00,49547.03,49644.53,49524.03,49630.53,12885
2026-05-19T13:00:00+00:00,49630.53,49643.03,49261.88,49555.38,78314
2026-05-19T14:00:00+00:00,49555.38,49603.88,49430.38,49504.38,73965
2026-05-19T15:00:00+00:00,49504.38,49566.88,49419.88,49466.88,47064
2026-05-19T16:00:00+00:00,49466.88,49595.38,49397.88,49578.88,37872
2026-05-19T17:00:00+00:00,49578.88,49615.88,49549.88,49598.88,29180
2026-05-19T18:00:00+00:00,49598.88,49632.88,49435.88,49444.88,32936
2026-05-19T19:00:00+00:00,49444.88,49541.88,49342.38,49389.88,35575
2026-05-19T20:00:00+00:00,49389.88,49391.53,49335.53,49369.78,5008
2026-05-19T22:00:00+00:00,49369.78,49404.64,49356.14,49399.14,4939
2026-05-19T23:00:00+00:00,49399.14,49488.64,49395.64,49431.14,4527
2026-05-20T00:00:00+00:00,49431.14,49431.14,49290.14,49356.14,25073
2026-05-20T01:00:00+00:00,49356.14,49415.14,49258.14,49385.14,23385
2026-05-20T02:00:00+00:00,49385.14,49410.14,49272.64,49291.14,17564
2026-05-20T03:00:00+00:00,49291.14,49312.14,49239.14,49299.14,12052
2026-05-20T04:00:00+00:00,49299.14,49350.64,49291.64,49303.14,8421
2026-05-20T05:00:00+00:00,49303.14,49385.64,49302.14,49358.64,12659
2026-05-20T06:00:00+00:00,49358.64,49436.64,49354.14,49416.64,12517
2026-05-20T07:00:00+00:00,49416.64,49438.14,49370.64,49371.14,10798
2026-05-20T08:00:00+00:00,49371.14,49477.64,49349.14,49446.14,13512
2026-05-20T09:00:00+00:00,49446.14,49469.64,49410.14,49458.64,7999
2026-05-20T10:00:00+00:00,49458.64,49552.14,49453.64,49471.14,8395
2026-05-20T11:00:00+00:00,49471.14,49548.14,49465.64,49492.64,9816
2026-05-20T12:00:00+00:00,49492.64,49646.64,49487.14,49567.64,13552
2026-05-20T13:00:00+00:00,49567.64,49608.14,49248.49,49449.49,62160
2026-05-20T14:00:00+00:00,49449.49,49770.99,49280.99,49753.99,85887
2026-05-20T15:00:00+00:00,49753.99,49955.99,49698.99,49878.49,56878
2026-05-20T16:00:00+00:00,49878.49,49948.99,49818.99,49904.49,42188
2026-05-20T17:00:00+00:00,49904.49,50013.99,49860.99,49933.89,33117
2026-05-20T18:00:00+00:00,49933.89,50017.99,49896.89,49990.99,26889
2026-05-20T19:00:00+00:00,49990.99,50103.49,49976.99,50037.99,30741
2026-05-20T20:00:00+00:00,50037.99,50054.64,49981.64,49985.89,21068
2026-05-20T22:00:00+00:00,49985.89,49988.35999999999,49886.35999999999,49910.35999999999,10386
2026-05-20T23:00:00+00:00,49910.35999999999,49937.85999999999,49894.35999999999,49924.35999999999,3744
2026-05-21T00:00:00+00:00,49924.35999999999,49924.85999999999,49864.35999999999,49904.85999999999,11927
2026-05-21T01:00:00+00:00,49904.85999999999,49958.35999999999,49902.85999999999,49940.85999999999,7859
2026-05-21T02:00:00+00:00,49940.85999999999,49972.85999999999,49934.35999999999,49950.85999999999,4554
2026-05-21T03:00:00+00:00,49950.85999999999,49989.85999999999,49949.85999999999,49962.85999999999,3285
2026-05-21T04:00:00+00:00,49962.85999999999,50007.85999999999,49959.35999999999,50003.35999999999,2543
2026-05-21T05:00:00+00:00,50003.35999999999,50022.85999999999,49900.85999999999,49955.85999999999,7142
2026-05-21T06:00:00+00:00,49955.85999999999,50001.85999999999,49892.85999999999,49935.85999999999,11069
2026-05-21T07:00:00+00:00,49935.85999999999,49961.35999999999,49901.85999999999,49949.85999999999,11032
2026-05-21T08:00:00+00:00,49949.85999999999,50145.85999999999,49948.35999999999,50061.35999999999,19036
2026-05-21T09:00:00+00:00,50061.35999999999,50159.85999999999,50055.85999999999,50107.35999999999,10956
2026-05-21T10:00:00+00:00,50107.35999999999,50225.35999999999,49836.10999999999,49882.85999999999,30978
2026-05-21T11:00:00+00:00,49882.85999999999,49986.85999999999,49845.85999999999,49945.35999999999,16537
2026-05-21T12:00:00+00:00,49945.35999999999,49968.35999999999,49849.35999999999,49863.35999999999,21904
2026-05-21T13:00:00+00:00,49863.35999999999,50032.21,49716.71,50015.21,77037
2026-05-21T14:00:00+00:00,50015.21,50101.71,49907.71,49971.71,76584
2026-05-21T15:00:00+00:00,49971.71,50005.21,49860.21,49950.21,56629
2026-05-21T16:00:00+00:00,49950.21,50002.21,49879.21,49941.71,35415
2026-05-21T17:00:00+00:00,49941.71,50386.21,49925.21,50324.71,73431
2026-05-21T18:00:00+00:00,50324.71,50411.71,50164.71,50214.21,63801
2026-05-21T19:00:00+00:00,50214.21,50358.21,50206.21,50313.21,43291
2026-05-21T20:00:00+00:00,50313.21,50377.35999999999,50308.85999999999,50346.35999999999,5484
2026-05-21T22:00:00+00:00,50346.35999999999,50390.35999999999,50340.85999999999,50385.35999999999,3026
2026-05-21T23:00:00+00:00,50385.35999999999,50410.35999999999,50372.85999999999,50390.35999999999,1798
2026-05-22T00:00:00+00:00,50390.35999999999,50455.35999999999,50370.85999999999,50443.85999999999,7057
2026-05-22T01:00:00+00:00,50443.85999999999,50449.85999999999,50402.85999999999,50435.85999999999,5792
2026-05-22T02:00:00+00:00,50435.85999999999,50466.35999999999,50430.35999999999,50452.85999999999,3551
2026-05-22T03:00:00+00:00,50452.85999999999,50480.35999999999,50434.85999999999,50479.35999999999,2468
2026-05-22T04:00:00+00:00,50479.35999999999,50507.85999999999,50478.85999999999,50496.35999999999,2381
2026-05-22T05:00:00+00:00,50496.35999999999,50502.35999999999,50415.35999999999,50425.85999999999,3379
2026-05-22T06:00:00+00:00,50425.85999999999,50494.85999999999,50407.35999999999,50457.35999999999,6791
2026-05-22T07:00:00+00:00,50457.35999999999,50471.85999999999,50400.85999999999,50459.35999999999,8095
2026-05-22T08:00:00+00:00,50459.35999999999,50528.85999999999,50397.85999999999,50449.35999999999,12327
2026-05-22T09:00:00+00:00,50449.35999999999,50480.85999999999,50388.85999999999,50473.85999999999,7965
2026-05-22T10:00:00+00:00,50473.85999999999,50487.85999999999,50379.35999999999,50437.35999999999,6686
2026-05-22T11:00:00+00:00,50437.35999999999,50528.35999999999,50430.35999999999,50493.35999999999,7708
2026-05-22T12:00:00+00:00,50493.35999999999,50742.85999999999,50484.85999999999,50736.85999999999,20835
2026-05-22T13:00:00+00:00,50736.85999999999,50800.85999999999,50547.71,50707.21,67383
2026-05-22T14:00:00+00:00,50707.21,50719.21,50541.71,50611.71,57517
2026-05-22T15:00:00+00:00,50611.71,50738.71,50582.21,50707.71,31852
2026-05-22T16:00:00+00:00,50707.71,50768.21,50657.71,50711.71,25337
2026-05-22T17:00:00+00:00,50711.71,50854.71,50659.21,50756.71,36680
2026-05-22T18:00:00+00:00,50756.71,50768.71,50692.21,50693.71,19928
2026-05-22T19:00:00+00:00,50693.71,50700.71,50582.21,50587.71,30939
2026-05-22T20:00:00+00:00,50587.71,50633.35999999999,50575.45,50578.7,4889
2026-05-24T22:00:00+00:00,50578.7,50896.68,50578.7,50866.68,6568
2026-05-24T23:00:00+00:00,50866.68,50930.18,50864.68,50881.18,3691
2026-05-25T00:00:00+00:00,50881.18,50945.18,50876.18,50902.18,7785
2026-05-25T01:00:00+00:00,50902.18,50954.18,50892.18,50945.68,5096
2026-05-25T02:00:00+00:00,50945.68,50995.18,50945.68,50989.18,2767
2026-05-25T03:00:00+00:00,50989.18,51031.18,50989.18,51003.18,4579
2026-05-25T04:00:00+00:00,51003.18,51027.68,51002.68,51009.68,2003
2026-05-25T05:00:00+00:00,51009.68,51059.68,51008.18,51034.18,2642
2026-05-25T06:00:00+00:00,51034.18,51034.18,51002.68,51006.18,4151
2026-05-25T07:00:00+00:00,51006.18,51080.68,50956.18,51040.68,8532
2026-05-25T08:00:00+00:00,51040.68,51067.68,51009.18,51057.68,4582
2026-05-25T09:00:00+00:00,51057.68,51088.68,51047.68,51068.68,2556
2026-05-25T10:00:00+00:00,51068.68,51096.68,51055.18,51065.68,2987
2026-05-25T11:00:00+00:00,51065.68,51112.68,51034.68,51094.18,3510
2026-05-25T12:00:00+00:00,51094.18,51157.68,51078.68,51094.68,5118
2026-05-25T13:00:00+00:00,51094.68,51152.53,51058.03,51094.53,6231
2026-05-25T14:00:00+00:00,51094.53,51116.53,51070.03,51073.53,5976
2026-05-25T15:00:00+00:00,51073.53,51180.03,51030.03,51102.53,12370
2026-05-25T16:00:00+00:00,51102.53,51110.53,51042.03,51109.53,4505
2026-05-25T17:00:00+00:00,51109.53,51130.43000000001,51030.04999999999,51034.95,605.7977263407389
2026-05-25T18:00:00+00:00,51034.95,51037.84999999999,51021.850000000006,51036.95,924.9882717440335
2026-05-25T19:00:00+00:00,51036.95,51041.25,51019.149999999994,51032.75,2321.734871183977
2026-05-25T22:00:00+00:00,51095.64,51095.64,50953.42,50973.17,3464
2026-05-25T23:00:00+00:00,50973.17,50985.17,50935.17,50968.17,4022
2026-05-26T00:00:00+00:00,50968.17,50976.67,50894.17,50916.17,9623
2026-05-26T01:00:00+00:00,50916.17,50939.17,50886.17,50937.17,7758
2026-05-26T02:00:00+00:00,50937.17,50944.67,50892.17,50900.17,3561
2026-05-26T03:00:00+00:00,50900.17,50931.67,50889.67,50922.17,2359
2026-05-26T04:00:00+00:00,50922.17,50935.17,50907.17,50921.17,2098
2026-05-26T05:00:00+00:00,50921.17,50948.17,50909.17,50922.17,3091
2026-05-26T06:00:00+00:00,50922.17,50974.67,50911.67,50933.67,4463
2026-05-26T07:00:00+00:00,50933.67,50957.67,50863.17,50896.67,9363
2026-05-26T08:00:00+00:00,50896.67,50906.17,50836.17,50852.17,5980
2026-05-26T09:00:00+00:00,50852.17,50878.17,50813.17,50842.17,5661
2026-05-26T10:00:00+00:00,50842.17,50901.17,50811.67,50888.17,6449
2026-05-26T11:00:00+00:00,50888.17,50922.67,50824.17,50892.67,6992
2026-05-26T12:00:00+00:00,50892.67,50896.67,50833.67,50839.67,5822
2026-05-26T13:00:00+00:00,50839.67,50844.67,50632.02,50645.02,65153
2026-05-26T14:00:00+00:00,50645.02,50723.52,50494.52,50559.52,54572
2026-05-26T15:00:00+00:00,50559.52,50562.52,50454.52,50498.52,39086
2026-05-26T16:00:00+00:00,50498.52,50523.52,50409.52,50410.52,22477
2026-05-26T17:00:00+00:00,50410.52,50468.52,50383.52,50405.52,18385
2026-05-26T18:00:00+00:00,50405.52,50448.52,50376.52,50398.52,17893
2026-05-26T19:00:00+00:00,50398.52,50528.52,50372.02,50507.52,20393
2026-05-26T20:00:00+00:00,50507.52,50527.67,50461.67,50465.67,2983
2026-05-26T22:00:00+00:00,50465.67,50501.42,50446.67,50495.42,3519
2026-05-26T23:00:00+00:00,50495.42,50553.42,50486.92,50546.92,2284
2026-05-27T00:00:00+00:00,50546.92,50568.92,50525.42,50555.92,6958
2026-05-27T01:00:00+00:00,50555.92,50556.92,50520.92,50524.92,3868
2026-05-27T02:00:00+00:00,50524.92,50550.42,50524.92,50544.42,2196
2026-05-27T03:00:00+00:00,50544.42,50556.42,50531.42,50541.42,1520
2026-05-27T04:00:00+00:00,50541.42,50558.92,50520.42,50552.42,2181
2026-05-27T05:00:00+00:00,50552.42,50600.92,50549.92,50594.42,3291
2026-05-27T06:00:00+00:00,50594.42,50611.92,50568.92,50592.42,3605
2026-05-27T07:00:00+00:00,50592.42,50633.42,50591.42,50616.92,4044
2026-05-27T08:00:00+00:00,50616.92,50708.42,50609.92,50690.92,5406
2026-05-27T09:00:00+00:00,50690.92,50749.92,50689.42,50739.42,3530
2026-05-27T10:00:00+00:00,50739.42,50749.42,50714.92,50719.42,3010
2026-05-27T11:00:00+00:00,50719.42,50724.42,50520.42,50533.42,6682
2026-05-27T12:00:00+00:00,50533.42,50652.92,50459.92,50566.42,22520
2026-05-27T13:00:00+00:00,50566.42,50699.77,50494.92,50627.27,71538
2026-05-27T14:00:00+00:00,50627.27,50848.77,50596.77,50766.77,61091
2026-05-27T15:00:00+00:00,50766.77,50791.77,50607.27,50645.77,39889
2026-05-27T16:00:00+00:00,50645.77,50712.27,50611.27,50669.27,22031
2026-05-27T17:00:00+00:00,50669.27,50700.27,50612.27,50684.27,20827
2026-05-27T18:00:00+00:00,50684.27,50742.77,50621.77,50722.77,16905
2026-05-27T19:00:00+00:00,50722.77,50738.77,50635.27,50669.77,19723
2026-05-27T20:00:00+00:00,50669.77,50761.42,50608.92,50743.17,7223
2026-05-27T22:00:00+00:00,50743.17,50775.17,50708.92,50728.17,2671
2026-05-27T23:00:00+00:00,50728.17,50759.67,50673.17,50684.67,4035.63541430193
2026-05-28T00:00:00+00:00,50684.67,50753.17,50677.67,50741.67,10397
2026-05-28T01:00:00+00:00,50741.67,50751.17,50710.67,50744.17,6922
2026-05-28T02:00:00+00:00,50744.17,50751.17,50647.67,50667.17,6028
2026-05-28T03:00:00+00:00,50667.17,50680.17,50578.67,50583.67,13751
2026-05-28T04:00:00+00:00,50583.67,50608.67,50555.67,50588.17,7685
2026-05-28T05:00:00+00:00,50588.17,50677.17,50574.67,50657.67,6689
2026-05-28T06:00:00+00:00,50657.67,50684.17,50639.67,50679.67,4482
2026-05-28T07:00:00+00:00,50679.67,50697.17,50615.67,50666.17,7341
2026-05-28T08:00:00+00:00,50666.17,50686.17,50609.17,50640.17,6901
2026-05-28T09:00:00+00:00,50640.17,50662.67,50626.67,50650.17,4657
2026-05-28T10:00:00+00:00,50650.17,50655.17,50539.67,50572.67,7404
2026-05-28T11:00:00+00:00,50572.67,50608.67,50567.17,50597.17,7477
2026-05-28T12:00:00+00:00,50597.17,50634.67,50537.67,50612.67,10370
2026-05-28T13:00:00+00:00,50612.67,50640.17,50348.52,50538.52,52814
2026-05-28T14:00:00+00:00,50538.52,50815.02,50464.02,50643.52,67827
2026-05-28T15:00:00+00:00,50643.52,50755.52,50622.52,50728.52,29103
2026-05-28T16:00:00+00:00,50728.52,50749.02,50682.52,50736.52,18993
2026-05-28T17:00:00+00:00,50736.52,50752.52,50649.52,50659.52,14357
2026-05-28T18:00:00+00:00,50659.52,50671.52,50599.02,50623.52,15252
2026-05-28T19:00:00+00:00,50623.52,50726.52,50620.52,50706.52,16977
2026-05-28T20:00:00+00:00,50706.52,50766.17,50701.67,50722.92,5226
2026-05-28T22:00:00+00:00,50722.92,50746.81,50708.81,50709.81,2335.8676470588234
2026-05-28T23:00:00+00:00,50709.81,50732.31,50696.81,50703.31,1912
2026-05-29T00:00:00+00:00,50703.31,50728.81,50681.81,50695.81,4929
2026-05-29T01:00:00+00:00,50695.81,50711.81,50670.31,50697.81,4391
2026-05-29T02:00:00+00:00,50697.81,50725.31,50692.31,50706.81,2579
2026-05-29T03:00:00+00:00,50706.81,50749.81,50705.81,50736.31,2719
2026-05-29T04:00:00+00:00,50736.31,50764.31,50736.31,50752.81,1973
2026-05-29T05:00:00+00:00,50752.81,50757.31,50721.31,50745.31,1674
2026-05-29T06:00:00+00:00,50745.31,50762.31,50717.81,50757.31,3874
2026-05-29T07:00:00+00:00,50757.31,50778.81,50711.81,50755.31,5376
2026-05-29T08:00:00+00:00,50755.31,50786.81,50733.31,50755.31,5593
2026-05-29T09:00:00+00:00,50755.31,50835.81,50752.81,50809.31,5165
2026-05-29T10:00:00+00:00,50809.31,50814.81,50766.31,50812.31,4089
2026-05-29T11:00:00+00:00,50812.31,50873.31,50798.81,50869.31,5804
2026-05-29T12:00:00+00:00,50869.31,50871.81,50806.31,50841.31,6584
2026-05-29T13:00:00+00:00,50841.31,50926.16,50698.16,50856.16,61731
2026-05-29T14:00:00+00:00,50856.16,51047.16,50817.16,51001.16,70172
2026-05-29T15:00:00+00:00,51001.16,51108.66,51000.16,51076.66,43522
2026-05-29T16:00:00+00:00,51076.66,51103.16,50996.16,51013.16,22850
2026-05-29T17:00:00+00:00,51013.16,51059.66,50936.66,50940.16,21440
2026-05-29T18:00:00+00:00,50940.16,51050.16,50935.66,50969.16,23798
2026-05-29T19:00:00+00:00,50969.16,51107.66,50958.66,51050.66,28377
2026-05-29T20:00:00+00:00,51050.66,51067.31,50996.81,51007.56,4981
2026-05-31T22:00:00+00:00,51007.56,51046.49999999999,50934.49999999999,51032.49999999999,4571
2026-05-31T23:00:00+00:00,51032.49999999999,51059.49999999999,51021.99999999999,51045.49999999999,1867
2026-06-01T00:00:00+00:00,51045.49999999999,51102.99999999999,51038.49999999999,51058.99999999999,7158
2026-06-01T01:00:00+00:00,51058.99999999999,51086.49999999999,51027.99999999999,51083.99999999999,3522
2026-06-01T02:00:00+00:00,51083.99999999999,51102.49999999999,51079.49999999999,51093.99999999999,1905
2026-06-01T03:00:00+00:00,51093.99999999999,51106.99999999999,51047.49999999999,51053.49999999999,2825
2026-06-01T04:00:00+00:00,51053.49999999999,51075.99999999999,51047.99999999999,51071.99999999999,1457
2026-06-01T05:00:00+00:00,51071.99999999999,51074.99999999999,51053.49999999999,51073.99999999999,1812
2026-06-01T06:00:00+00:00,51073.99999999999,51074.99999999999,51026.99999999999,51042.99999999999,2843
2026-06-01T07:00:00+00:00,51042.99999999999,51077.99999999999,51023.49999999999,51057.99999999999,5189
2026-06-01T08:00:00+00:00,51057.99999999999,51163.49999999999,51056.49999999999,51153.49999999999,5367
2026-06-01T09:00:00+00:00,51153.49999999999,51217.99999999999,51130.49999999999,51180.99999999999,4085
2026-06-01T10:00:00+00:00,51180.99999999999,51254.49999999999,51177.49999999999,51243.99999999999,3457
2026-06-01T11:00:00+00:00,51243.99999999999,51322.49999999999,51233.99999999999,51239.99999999999,7295
2026-06-01T12:00:00+00:00,51239.99999999999,51246.99999999999,51121.99999999999,51161.49999999999,9928
2026-06-01T13:00:00+00:00,51161.49999999999,51177.49999999999,50796.34999999999,50960.24999999999,80038
2026-06-01T14:00:00+00:00,50960.24999999999,51024.34999999999,50762.84999999999,50823.34999999999,54511
2026-06-01T15:00:00+00:00,50823.34999999999,50961.34999999999,50782.34999999999,50907.34999999999,33886
2026-06-01T16:00:00+00:00,50907.34999999999,50937.34999999999,50805.34999999999,50898.34999999999,24835
2026-06-01T17:00:00+00:00,50898.34999999999,51060.34999999999,50836.84999999999,50993.84999999999,25888
2026-06-01T18:00:00+00:00,50993.84999999999,51078.34999999999,50992.84999999999,51053.34999999999,14425
2026-06-01T19:00:00+00:00,51053.34999999999,51114.34999999999,51023.34999999999,51073.34999999999,18217
2026-06-01T20:00:00+00:00,51073.34999999999,51085.49999999999,51042.99999999999,51046.24999999999,4961
2026-06-01T22:00:00+00:00,51046.24999999999,51046.24999999999,50931.549999999996,50945.049999999996,6652
2026-06-01T23:00:00+00:00,50945.049999999996,50957.549999999996,50895.799999999996,50918.049999999996,2638
2026-06-02T00:00:00+00:00,50918.049999999996,50929.049999999996,50810.549999999996,50819.049999999996,8694
2026-06-02T01:00:00+00:00,50819.049999999996,50854.549999999996,50803.049999999996,50818.049999999996,6895
2026-06-02T02:00:00+00:00,50818.049999999996,50842.549999999996,50818.049999999996,50832.549999999996,3014
2026-06-02T03:00:00+00:00,50832.549999999996,50863.049999999996,50823.049999999996,50861.549999999996,2917
2026-06-02T04:00:00+00:00,50861.549999999996,50878.549999999996,50845.549999999996,50877.549999999996,2248
2026-06-02T05:00:00+00:00,50877.549999999996,50909.549999999996,50866.049999999996,50881.549999999996,2926
2026-06-02T06:00:00+00:00,50881.549999999996,50937.049999999996,50875.549999999996,50927.549999999996,3388
2026-06-02T07:00:00+00:00,50927.549999999996,51013.049999999996,50926.549999999996,51009.549999999996,4661
2026-06-02T08:00:00+00:00,51009.549999999996,51015.549999999996,50920.049999999996,50947.549999999996,6798
2026-06-02T09:00:00+00:00,50947.549999999996,50947.549999999996,50838.049999999996,50856.549999999996,4569
2026-06-02T10:00:00+00:00,50856.549999999996,50888.049999999996,50834.049999999996,50873.549999999996,3613
2026-06-02T11:00:00+00:00,50873.549999999996,50884.049999999996,50822.549999999996,50838.549999999996,4322
2026-06-02T12:00:00+00:00,50838.549999999996,50890.049999999996,50796.549999999996,50814.549999999996,6715
2026-06-02T13:00:00+00:00,50814.549999999996,51242.899999999994,50772.549999999996,50918.899999999994,70777
2026-06-02T14:00:00+00:00,50918.899999999994,51151.899999999994,50873.899999999994,51147.899999999994,56791
2026-06-02T15:00:00+00:00,51147.899999999994,51278.899999999994,51131.399999999994,51195.899999999994,30265
2026-06-02T16:00:00+00:00,51195.899999999994,51236.899999999994,51143.399999999994,51224.399999999994,20853
2026-06-02T17:00:00+00:00,51224.399999999994,51241.399999999994,51185.899999999994,51219.899999999994,16236
2026-06-02T18:00:00+00:00,51219.899999999994,51342.899999999994,51214.399999999994,51331.899999999994,13979
2026-06-02T19:00:00+00:00,51331.899999999994,51374.399999999994,51291.899999999994,51328.399999999994,15749
2026-06-02T20:00:00+00:00,51328.399999999994,51372.549999999996,51328.049999999996,51360.299999999996,3804
2026-06-02T22:00:00+00:00,51360.299999999996,51360.299999999996,51305.77999999999,51321.77999999999,4167
2026-06-02T23:00:00+00:00,51321.77999999999,51345.27999999999,51209.27999999999,51335.27999999999,8902
2026-06-03T00:00:00+00:00,51335.27999999999,51351.77999999999,51306.27999999999,51314.77999999999,5975
2026-06-03T01:00:00+00:00,51314.77999999999,51326.27999999999,51294.77999999999,51310.27999999999,3974
2026-06-03T02:00:00+00:00,51310.27999999999,51324.77999999999,51304.27999999999,51312.77999999999,1595
2026-06-03T03:00:00+00:00,51312.77999999999,51328.77999999999,51307.27999999999,51315.27999999999,1341
2026-06-03T04:00:00+00:00,51315.27999999999,51321.27999999999,51297.77999999999,51303.77999999999,969
2026-06-03T05:00:00+00:00,51303.77999999999,51316.27999999999,51272.77999999999,51274.27999999999,2260
2026-06-03T06:00:00+00:00,51274.27999999999,51284.77999999999,51239.27999999999,51258.27999999999,4867
2026-06-03T07:00:00+00:00,51258.27999999999,51261.27999999999,51203.77999999999,51217.27999999999,5528
2026-06-03T08:00:00+00:00,51217.27999999999,51220.77999999999,51181.77999999999,51196.27999999999,6876
2026-06-03T09:00:00+00:00,51196.27999999999,51199.77999999999,51125.77999999999,51130.77999999999,4980
2026-06-03T10:00:00+00:00,51130.77999999999,51213.27999999999,51109.77999999999,51166.27999999999,8510
2026-06-03T11:00:00+00:00,51166.27999999999,51223.27999999999,51162.27999999999,51188.27999999999,5275
2026-06-03T12:00:00+00:00,51188.27999999999,51197.27999999999,51075.27999999999,51117.27999999999,8418
2026-06-03T13:00:00+00:00,51117.27999999999,51201.13,50964.63,51018.13,71628
2026-06-03T14:00:00+00:00,51018.13,51062.13,50862.63,50934.63,58859
2026-06-03T15:00:00+00:00,50934.63,50947.63,50816.63,50878.63,39431
2026-06-03T16:00:00+00:00,50878.63,50906.13,50838.13,50872.63,29724
2026-06-03T17:00:00+00:00,50872.63,50911.13,50828.63,50887.63,21508
2026-06-03T18:00:00+00:00,50887.63,50912.13,50846.13,50856.13,17271.718393985517
2026-06-03T19:00:00+00:00,50856.13,50860.13,50724.63,50743.77999999999,27000
2026-06-03T20:00:00+00:00,50743.77999999999,50758.27999999999,50674.77999999999,50696.52999999999,15294
2026-06-03T22:00:00+00:00,50696.52999999999,50780.689999999995,50692.439999999995,50769.689999999995,6612
2026-06-03T23:00:00+00:00,50769.689999999995,50773.689999999995,50709.189999999995,50741.189999999995,5201
2026-06-04T00:00:00+00:00,50741.189999999995,50776.189999999995,50715.689999999995,50746.689999999995,11391
2026-06-04T01:00:00+00:00,50746.689999999995,50771.689999999995,50706.189999999995,50729.189999999995,8385
2026-06-04T02:00:00+00:00,50729.189999999995,50734.689999999995,50680.689999999995,50715.689999999995,7432
2026-06-04T03:00:00+00:00,50715.689999999995,50733.189999999995,50691.689999999995,50726.689999999995,3809
2026-06-04T04:00:00+00:00,50726.689999999995,50747.689999999995,50713.189999999995,50739.189999999995,3198
2026-06-04T05:00:00+00:00,50739.189999999995,50743.189999999995,50701.689999999995,50731.689999999995,5479
2026-06-04T06:00:00+00:00,50731.689999999995,50792.689999999995,50723.189999999995,50785.189999999995,6611
2026-06-04T07:00:00+00:00,50785.189999999995,50863.189999999995,50776.189999999995,50838.189999999995,7503
2026-06-04T08:00:00+00:00,50838.189999999995,50936.189999999995,50817.189999999995,50834.189999999995,12706
2026-06-04T09:00:00+00:00,50834.189999999995,50976.189999999995,50821.689999999995,50955.689999999995,9276
2026-06-04T10:00:00+00:00,50955.689999999995,50994.689999999995,50901.689999999995,50925.689999999995,7708
2026-06-04T11:00:00+00:00,50925.689999999995,51147.189999999995,50920.689999999995,51135.189999999995,15957
2026-06-04T12:00:00+00:00,51135.189999999995,51258.689999999995,51109.189999999995,51208.689999999995,14814
2026-06-04T13:00:00+00:00,51208.689999999995,51472.53999999999,51158.189999999995,51461.53999999999,77304
2026-06-04T14:00:00+00:00,51461.53999999999,51503.03999999999,51357.53999999999,51449.53999999999,63405
2026-06-04T15:00:00+00:00,51449.53999999999,51604.53999999999,51449.53999999999,51552.53999999999,36839
2026-06-04T16:00:00+00:00,51552.53999999999,51655.03999999999,51546.03999999999,51606.53999999999,23056
2026-06-04T17:00:00+00:00,51606.53999999999,51613.03999999999,51502.53999999999,51532.53999999999,21587
2026-06-04T18:00:00+00:00,51532.53999999999,51612.53999999999,51487.03999999999,51605.03999999999,20764
2026-06-04T19:00:00+00:00,51605.03999999999,51679.53999999999,51584.03999999999,51589.53999999999,28056
2026-06-04T20:00:00+00:00,51589.53999999999,51615.189999999995,51575.189999999995,51592.439999999995,6302
2026-06-04T22:00:00+00:00,51592.439999999995,51611.969999999994,51566.719999999994,51608.969999999994,3461
2026-06-04T23:00:00+00:00,51608.969999999994,51610.469999999994,51562.969999999994,51566.469999999994,2626
2026-06-05T00:00:00+00:00,51566.469999999994,51566.469999999994,51522.469999999994,51553.969999999994,9366
2026-06-05T01:00:00+00:00,51553.969999999994,51576.969999999994,51513.469999999994,51548.469999999994,9183
2026-06-05T02:00:00+00:00,51548.469999999994,51578.969999999994,51514.969999999994,51527.969999999994,4131
2026-06-05T03:00:00+00:00,51527.969999999994,51550.969999999994,51516.469999999994,51536.469999999994,4874
2026-06-05T04:00:00+00:00,51536.469999999994,51567.969999999994,51525.969999999994,51561.469999999994,4230
2026-06-05T05:00:00+00:00,51561.469999999994,51585.969999999994,51543.469999999994,51566.469999999994,4391
2026-06-05T06:00:00+00:00,51566.469999999994,51616.969999999994,51562.469999999994,51592.469999999994,6785
2026-06-05T07:00:00+00:00,51592.469999999994,51635.969999999994,51562.469999999994,51590.969999999994,9577
2026-06-05T08:00:00+00:00,51590.969999999994,51643.469999999994,51569.469999999994,51628.469999999994,10245
2026-06-05T09:00:00+00:00,51628.469999999994,51746.969999999994,51617.469999999994,51658.469999999994,13797
2026-06-05T10:00:00+00:00,51658.469999999994,51691.969999999994,51645.469999999994,51662.469999999994,3881
2026-06-05T11:00:00+00:00,51662.469999999994,51701.469999999994,51619.469999999994,51643.969999999994,6945
2026-06-05T12:00:00+00:00,51643.969999999994,51698.469999999994,51563.969999999994,51626.969999999994,18491
2026-06-05T13:00:00+00:00,51626.969999999994,51689.969999999994,51377.31999999999,51401.81999999999,82249
2026-06-05T14:00:00+00:00,51401.81999999999,51514.81999999999,51353.81999999999,51433.81999999999,83523
2026-06-05T15:00:00+00:00,51433.81999999999,51460.81999999999,51235.81999999999,51235.81999999999,52077
2026-06-05T16:00:00+00:00,51235.81999999999,51268.31999999999,51073.81999999999,51187.81999999999,56709
2026-06-05T17:00:00+00:00,51187.81999999999,51202.31999999999,51099.31999999999,51170.81999999999,51858
2026-06-05T18:00:00+00:00,51170.81999999999,51180.31999999999,50913.81999999999,50923.81999999999,58133
2026-06-05T19:00:00+00:00,50923.81999999999,50973.31999999999,50766.81999999999,50863.31999999999,82430
2026-06-05T20:00:00+00:00,50863.31999999999,50866.469999999994,50674.71,50700.96,24719
2026-06-07T22:00:00+00:00,50700.96,50812.579999999994,50528.579999999994,50615.079999999994,17827
2026-06-07T23:00:00+00:00,50615.079999999994,50789.079999999994,50614.079999999994,50763.579999999994,13692
2026-06-08T00:00:00+00:00,50763.579999999994,50818.579999999994,50714.079999999994,50778.079999999994,15293
2026-06-08T01:00:00+00:00,50778.079999999994,50796.079999999994,50578.079999999994,50703.579999999994,27908
2026-06-08T02:00:00+00:00,50703.579999999994,50759.079999999994,50653.079999999994,50735.579999999994,13931
2026-06-08T03:00:00+00:00,50735.579999999994,50771.579999999994,50713.579999999994,50763.579999999994,6457
2026-06-08T04:00:00+00:00,50763.579999999994,50775.579999999994,50666.079999999994,50673.079999999994,9261
2026-06-08T05:00:00+00:00,50673.079999999994,50713.579999999994,50578.579999999994,50611.579999999994,15632
2026-06-08T06:00:00+00:00,50611.579999999994,50700.079999999994,50606.079999999994,50648.079999999994,15752
2026-06-08T07:00:00+00:00,50648.079999999994,50778.579999999994,50642.079999999994,50729.079999999994,16895
2026-06-08T08:00:00+00:00,50729.079999999994,50745.579999999994,50639.079999999994,50679.079999999994,16538
2026-06-08T09:00:00+00:00,50679.079999999994,50821.079999999994,50649.079999999994,50792.079999999994,11882
2026-06-08T10:00:00+00:00,50792.079999999994,50871.579999999994,50698.079999999994,50811.579999999994,14495
2026-06-08T11:00:00+00:00,50811.579999999994,51016.579999999994,50783.579999999994,50955.579999999994,22619
2026-06-08T12:00:00+00:00,50955.579999999994,51032.579999999994,50943.579999999994,50945.079999999994,15969
2026-06-08T13:00:00+00:00,50945.079999999994,51236.43,50866.079999999994,50934.43,89307
2026-06-08T14:00:00+00:00,50934.43,51068.43,50898.43,51067.43,91796
2026-06-08T15:00:00+00:00,51067.43,51092.43,50839.43,50912.43,60562
2026-06-08T16:00:00+00:00,50912.43,50975.93,50837.93,50848.93,48844
2026-06-08T17:00:00+00:00,50848.93,50854.43,50728.43,50785.43,51436
2026-06-08T18:00:00+00:00,50785.43,50898.43,50782.93,50818.93,37697
2026-06-08T19:00:00+00:00,50818.93,50846.93,50696.93,50757.43,50731
2026-06-08T20:00:00+00:00,50757.43,50775.079999999994,50714.579999999994,50729.829999999994,6284
2026-06-08T22:00:00+00:00,50729.829999999994,50757.259999999995,50621.759999999995,50732.259999999995,9206
2026-06-08T23:00:00+00:00,50732.259999999995,50751.759999999995,50664.259999999995,50709.759999999995,5743
2026-06-09T00:00:00+00:00,50709.759999999995,50717.759999999995,50594.759999999995,50625.259999999995,22163
2026-06-09T01:00:00+00:00,50625.259999999995,50795.759999999995,50608.759999999995,50750.259999999995,21311
2026-06-09T02:00:00+00:00,50750.259999999995,50786.759999999995,50737.259999999995,50769.759999999995,11494
2026-06-09T03:00:00+00:00,50769.759999999995,50819.759999999995,50762.259999999995,50805.259999999995,8763
2026-06-09T04:00:00+00:00,50805.259999999995,50842.259999999995,50787.259999999995,50821.259999999995,5939
2026-06-09T05:00:00+00:00,50821.259999999995,50861.759999999995,50811.759999999995,50820.259999999995,8285
2026-06-09T06:00:00+00:00,50820.259999999995,50831.259999999995,50760.759999999995,50778.759999999995,8824
2026-06-09T07:00:00+00:00,50778.759999999995,50870.759999999995,50741.759999999995,50784.759999999995,15831
2026-06-09T08:00:00+00:00,50784.759999999995,50888.759999999995,50750.759999999995,50843.759999999995,14791
2026-06-09T09:00:00+00:00,50843.759999999995,50909.759999999995,50840.759999999995,50871.259999999995,6447
2026-06-09T10:00:00+00:00,50871.259999999995,50950.759999999995,50754.509999999995,50908.759999999995,10348
2026-06-09T11:00:00+00:00,50908.759999999995,50929.259999999995,50821.759999999995,50829.259999999995,7516
2026-06-09T12:00:00+00:00,50829.259999999995,50984.259999999995,50826.759999999995,50979.759999999995,10894
2026-06-09T13:00:00+00:00,50979.759999999995,51225.11,50939.509999999995,51149.61,70303
2026-06-09T14:00:00+00:00,51149.61,51188.61,50636.11,50892.61,150720
2026-06-09T15:00:00+00:00,50892.61,50918.61,50396.61,50418.61,140218
2026-06-09T16:00:00+00:00,50418.61,50557.61,50171.61,50331.11,152674
2026-06-09T17:00:00+00:00,50331.11,50734.61,50311.61,50660.61,98704
2026-06-09T18:00:00+00:00,50660.61,50863.61,50644.11,50844.61,69392
2026-06-09T19:00:00+00:00,50844.61,50876.61,50637.61,50809.61,90883
2026-06-09T20:00:00+00:00,50809.61,50837.259999999995,50758.759999999995,50787.509999999995,15424
2026-06-09T22:00:00+00:00,50787.509999999995,50788.47,50643.97,50672.47,8476
2026-06-09T23:00:00+00:00,50672.47,50715.97,50639.97,50710.47,8074
2026-06-10T00:00:00+00:00,50710.47,50775.97,50652.47,50747.97,20790
2026-06-10T01:00:00+00:00,50747.97,50814.47,50738.97,50775.97,16116
2026-06-10T02:00:00+00:00,50775.97,50793.97,50733.97,50741.97,10917
2026-06-10T03:00:00+00:00,50741.97,50788.97,50714.47,50726.97,8469
2026-06-10T04:00:00+00:00,50726.97,50734.47,50661.97,50665.97,7779
2026-06-10T05:00:00+00:00,50665.97,50753.97,50658.47,50741.97,11044
2026-06-10T06:00:00+00:00,50741.97,50773.47,50691.47,50698.47,7804
2026-06-10T07:00:00+00:00,50698.47,50722.97,50639.47,50664.97,13419
2026-06-10T08:00:00+00:00,50664.97,50670.97,50466.47,50497.97,21164
2026-06-10T09:00:00+00:00,50497.97,50511.97,50384.47,50489.97,20124
2026-06-10T10:00:00+00:00,50489.97,50511.97,50382.97,50473.97,15843
2026-06-10T11:00:00+00:00,50473.97,50499.97,50220.97,50389.97,40149
2026-06-10T12:00:00+00:00,50389.97,50653.97,50367.47,50571.47,45445
2026-06-10T13:00:00+00:00,50571.47,50733.82,50443.32,50638.82,94657
2026-06-10T14:00:00+00:00,50638.82,50705.32,50314.32,50343.82,109185
2026-06-10T15:00:00+00:00,50343.82,50454.32,50101.82,50278.82,128678
2026-06-10T16:00:00+00:00,50278.82,50316.82,50158.32,50220.82,82582
2026-06-10T17:00:00+00:00,50220.82,50268.32,50039.32,50197.32,81486
2026-06-10T18:00:00+00:00,50197.32,50290.32,50024.82,50066.82,66979
2026-06-10T19:00:00+00:00,50066.82,50071.82,49874.82,49882.32,71402
2026-06-10T20:00:00+00:00,49882.32,49894.97,49782.97,49830.72,14963
2026-06-10T22:00:00+00:00,49830.72,49854.52,49718.02,49719.02,15452
2026-06-10T23:00:00+00:00,49719.02,49826.02,49667.52,49745.02,23539.15513866723
2026-06-11T00:00:00+00:00,49745.02,49887.02,49736.02,49852.02,42138
2026-06-11T01:00:00+00:00,49852.02,50013.52,49850.02,49913.02,23910
2026-06-11T02:00:00+00:00,49913.02,49966.02,49871.52,49932.02,20518
2026-06-11T03:00:00+00:00,49932.02,50022.02,49900.02,50013.52,15354
2026-06-11T04:00:00+00:00,50013.52,50092.52,49997.52,50067.02,11307
2026-06-11T05:00:00+00:00,50067.02,50072.02,50023.52,50056.52,12073
2026-06-11T06:00:00+00:00,50056.52,50097.02,49959.02,50090.02,14964
2026-06-11T07:00:00+00:00,50090.02,50231.52,50090.02,50200.52,16627
2026-06-11T08:00:00+00:00,50200.52,50255.02,50179.52,50249.02,13111
2026-06-11T09:00:00+00:00,50249.02,50316.02,50227.52,50291.52,8576
2026-06-11T10:00:00+00:00,50291.52,50307.52,50232.02,50250.02,7924
2026-06-11T11:00:00+00:00,50250.02,50308.52,50204.02,50300.52,13408
2026-06-11T12:00:00+00:00,50300.52,50307.02,50034.02,50175.02,44404
2026-06-11T13:00:00+00:00,50175.02,50360.369999999995,50061.869999999995,50255.369999999995,94713
2026-06-11T14:00:00+00:00,50255.369999999995,50299.869999999995,50045.869999999995,50078.369999999995,135414
2026-06-11T15:00:00+00:00,50078.369999999995,50283.869999999995,50008.369999999995,50195.869999999995,104359
2026-06-11T16:00:00+00:00,50195.869999999995,50327.869999999995,50140.369999999995,50142.369999999995,73732
2026-06-11T17:00:00+00:00,50142.369999999995,50785.869999999995,50073.369999999995,50677.369999999995,130297
2026-06-11T18:00:00+00:00,50677.369999999995,50753.869999999995,50545.369999999995,50718.869999999995,77413
2026-06-11T19:00:00+00:00,50718.869999999995,50927.369999999995,50697.369999999995,50782.369999999995,61631
2026-06-11T20:00:00+00:00,50782.369999999995,50875.52,50768.52,50823.27,14945
2026-06-11T22:00:00+00:00,50823.27,50906,50805.75,50860.5,15678
2026-06-11T23:00:00+00:00,50860.5,50903,50824.75,50875.5,15506
2026-06-12T00:00:00+00:00,50875.5,50881.5,50802,50826,41857
2026-06-12T01:00:00+00:00,50826,50846,50763.75,50838,29879
2026-06-12T02:00:00+00:00,50838,50862,50823,50838,22431
2026-06-12T03:00:00+00:00,50838,50846.5,50785,50835,25069
2026-06-12T04:00:00+00:00,50835,50856.5,50796,50845.5,16260
2026-06-12T05:00:00+00:00,50845.5,50858.5,50765,50805,32813
2026-06-12T06:00:00+00:00,50805,50865.5,50780.5,50798,34487
2026-06-12T07:00:00+00:00,50798,50953,50749.5,50889.5,39320
2026-06-12T08:00:00+00:00,50889.5,51127.5,50882.75,51054,52236
2026-06-12T09:00:00+00:00,51054,51264,51051,51188.5,35576
2026-06-12T10:00:00+00:00,51188.5,51214.5,51013,51054,37819
2026-06-12T11:00:00+00:00,51054,51192.5,51031,51159.5,35004
2026-06-12T12:00:00+00:00,51159.5,51171,50915.5,50954,42881
2026-06-12T13:00:00+00:00,50954,51174.35,50769.35,50831.85,120457
2026-06-12T14:00:00+00:00,50831.85,51293.35,50792.85,51269.35,138750
2026-06-12T15:00:00+00:00,51269.35,51359.85,51033.35,51050.35,98145
2026-06-12T16:00:00+00:00,51050.35,51212.85,50979.85,51136.85,95891
2026-06-12T17:00:00+00:00,51136.85,51239.35,51128.85,51150.35,63283
2026-06-12T18:00:00+00:00,51150.35,51243.35,51104.75,51168.35,60307
2026-06-12T19:00:00+00:00,51168.35,51219.85,51085.85,51138.85,60874
2026-06-12T20:00:00+00:00,51138.85,51257.76,51137,51220.51,9932
2026-06-14T22:00:00+00:00,51220.51,51583.33,51220.51,51498.33,23703
2026-06-14T23:00:00+00:00,51498.33,51536.33,51435.08,51531.83,23295
2026-06-15T00:00:00+00:00,51531.83,51592.33,51517.33,51580.33,31195
2026-06-15T01:00:00+00:00,51580.33,51626.83,51570.33,51596.83,24036
2026-06-15T02:00:00+00:00,51596.83,51660.33,51596.33,51657.33,16912
2026-06-15T03:00:00+00:00,51657.33,51662.33,51629.33,51641.83,9105
2026-06-15T04:00:00+00:00,51641.83,51698.33,51626.83,51694.83,9897
2026-06-15T05:00:00+00:00,51694.83,51744.33,51685.33,51727.33,12597
2026-06-15T06:00:00+00:00,51727.33,51748.33,51679.83,51690.83,19152
2026-06-15T07:00:00+00:00,51690.83,51747.83,51665.83,51684.33,23401
2026-06-15T08:00:00+00:00,51684.33,51719.33,51625.83,51669.83,26409
2026-06-15T09:00:00+00:00,51669.83,51705.33,51600.33,51609.33,16363
2026-06-15T10:00:00+00:00,51609.33,51652.33,51601.83,51644.33,14670
2026-06-15T11:00:00+00:00,51644.33,51743.33,51635.33,51685.33,21656
2026-06-15T12:00:00+00:00,51685.33,51766.83,51644.33,51766.83,28781
2026-06-15T13:00:00+00:00,51766.83,51897.68,51713.68,51838.18,70337
2026-06-15T14:00:00+00:00,51838.18,51882.18,51717.68,51863.18,69696
2026-06-15T15:00:00+00:00,51863.18,51952.68,51845.18,51932.18,36597
2026-06-15T16:00:00+00:00,51932.18,51969.68,51901.18,51928.68,26052
2026-06-15T17:00:00+00:00,51928.68,51969.18,51850.18,51863.18,23090
2026-06-15T18:00:00+00:00,51863.18,51868.68,51784.18,51810.18,22728
2026-06-15T19:00:00+00:00,51810.18,51856.18,51676.18,51741.68,33459
2026-06-15T20:00:00+00:00,51741.68,51789.08,51709.83,51748.08,12587
2026-06-15T22:00:00+00:00,51748.08,51759.68,51687.93,51699.68,1718
2026-06-15T23:00:00+00:00,51699.68,51714.68,51675.18,51703.18,1894
2026-06-16T00:00:00+00:00,51703.18,51738.18,51682.93,51719.68,18323
2026-06-16T01:00:00+00:00,51719.68,51745.68,51710.68,51721.18,24053
2026-06-16T02:00:00+00:00,51721.18,51751.18,51711.68,51739.18,12239
2026-06-16T03:00:00+00:00,51739.18,51769.18,51734.68,51742.18,15621
2026-06-16T04:00:00+00:00,51742.18,51744.18,51709.18,51725.68,10754
2026-06-16T05:00:00+00:00,51725.68,51778.18,51715.68,51738.18,13568
2026-06-16T06:00:00+00:00,51738.18,51774.68,51729.68,51770.68,15143
2026-06-16T07:00:00+00:00,51770.68,51833.68,51770.68,51799.68,21551
2026-06-16T08:00:00+00:00,51799.68,51833.18,51748.68,51761.18,26106
2026-06-16T09:00:00+00:00,51761.18,51786.68,51726.68,51753.18,15725
2026-06-16T10:00:00+00:00,51753.18,51790.18,51753.18,51785.68,11369
2026-06-16T11:00:00+00:00,51785.68,51789.18,51747.18,51765.68,16518
2026-06-16T12:00:00+00:00,51765.68,51871.18,51756.68,51850.68,27092
2026-06-16T13:00:00+00:00,51850.68,52123.03,51834.18,51936.53,63512
2026-06-16T14:00:00+00:00,51936.53,52106.03,51919.53,52045.03,75808
2026-06-16T15:00:00+00:00,52045.03,52162.53,51992.53,52139.03,50222
2026-06-16T16:00:00+00:00,52139.03,52211.53,52137.03,52189.53,29617
2026-06-16T17:00:00+00:00,52189.53,52204.03,52116.03,52122.03,24540
2026-06-16T18:00:00+00:00,52122.03,52132.03,52080.03,52092.03,20107
2026-06-16T19:00:00+00:00,52092.03,52092.03,51998.03,52031.03,40985
2026-06-16T20:00:00+00:00,52031.03,52033.18,51981.68,52026.43,14478
2026-06-16T22:00:00+00:00,52026.43,52080.22,51999.97,52077.72,2725.742136985127
2026-06-16T23:00:00+00:00,52077.72,52084.72,52059.47,52070.22,5970
2026-06-17T00:00:00+00:00,52070.22,52098.72,52070.22,52084.22,14307
2026-06-17T01:00:00+00:00,52084.22,52127.22,52077.22,52103.72,8115
2026-06-17T02:00:00+00:00,52103.72,52109.22,52063.22,52078.72,4561
2026-06-17T03:00:00+00:00,52078.72,52100.22,52059.72,52094.72,5561
2026-06-17T04:00:00+00:00,52094.72,52099.72,52054.22,52073.22,3773
2026-06-17T05:00:00+00:00,52073.22,52076.72,52038.22,52046.22,4469
2026-06-17T06:00:00+00:00,52046.22,52085.22,52022.72,52071.72,7798
2026-06-17T07:00:00+00:00,52071.72,52100.72,52016.47,52025.72,9786
2026-06-17T08:00:00+00:00,52025.72,52037.72,51958.22,52023.22,15139
2026-06-17T09:00:00+00:00,52023.22,52055.72,51994.72,52000.22,10732
2026-06-17T10:00:00+00:00,52000.22,52048.72,51966.72,51997.72,10686
2026-06-17T11:00:00+00:00,51997.72,52042.22,51983.72,52004.72,12307
2026-06-17T12:00:00+00:00,52004.72,52031.22,51977.22,52015.72,11009
2026-06-17T13:00:00+00:00,52015.72,52224.07,51969.22,52196.07,44742
2026-06-17T14:00:00+00:00,52196.07,52296.07,52035.07,52121.07,77558
2026-06-17T15:00:00+00:00,52121.07,52283.57,52090.07,52227.07,35893
2026-06-17T16:00:00+00:00,52227.07,52257.57,52175.07,52211.57,8422
2026-06-17T17:00:00+00:00,52211.57,52211.57,52102.07,52203.57,19711
2026-06-17T18:00:00+00:00,52203.57,52203.57,51800.57,51891.07,147456
2026-06-17T19:00:00+00:00,51891.07,51959.07,51401.47,51496.47,159753
2026-06-17T20:00:00+00:00,51496.47,51614.47,51457.47,51613.97,6839.927889025039
2026-06-17T22:00:00+00:00,51613.97,51664.39,51590.64,51652.89,7975
2026-06-17T23:00:00+00:00,51652.89,51759.39,51649.39,51759.39,4478
2026-06-18T00:00:00+00:00,51759.39,51855.89,51746.89,51786.39,17213
2026-06-18T01:00:00+00:00,51786.39,51842.89,51781.39,51810.39,9883
2026-06-18T02:00:00+00:00,51810.39,51828.39,51802.39,51822.89,4919
2026-06-18T03:00:00+00:00,51822.89,51835.39,51792.39,51826.89,5288
2026-06-18T04:00:00+00:00,51826.89,51836.89,51773.39,51773.39,6282
2026-06-18T05:00:00+00:00,51773.39,51797.39,51761.89,51765.39,5943
2026-06-18T06:00:00+00:00,51765.39,51832.39,51741.89,51830.89,10183
2026-06-18T07:00:00+00:00,51830.89,51838.89,51775.39,51817.89,9715
2026-06-18T08:00:00+00:00,51817.89,51865.39,51717.39,51732.89,11426
2026-06-18T09:00:00+00:00,51732.89,51845.39,51719.39,51829.89,9653
2026-06-18T10:00:00+00:00,51829.89,51842.89,51731.89,51737.89,8560
2026-06-18T11:00:00+00:00,51737.89,51744.39,51587.89,51629.39,17589
2026-06-18T12:00:00+00:00,51629.39,51815.89,51620.39,51790.89,17882
2026-06-18T13:00:00+00:00,51790.89,51960.24,51698.24,51733.74,79417
2026-06-18T14:00:00+00:00,51733.74,51810.74,51587.24,51793.74,84648
2026-06-18T15:00:00+00:00,51793.74,51801.74,51605.74,51665.24,58217
2026-06-18T16:00:00+00:00,51665.24,51686.74,51600.24,51642.74,32417
2026-06-18T17:00:00+00:00,51642.74,51784.74,51630.24,51658.74,23635
2026-06-18T18:00:00+00:00,51658.74,51663.74,51604.74,51617.74,24570
2026-06-18T19:00:00+00:00,51617.74,51668.74,51547.74,51561.24,43169
2026-06-18T20:00:00+00:00,51561.24,51670.89,51548.89,51634.14,9848
2026-06-18T22:00:00+00:00,51634.14,51656.89,51560.39,51567.89,5690
2026-06-18T23:00:00+00:00,51567.89,51610.39,51559.39,51597.39,2738
2026-06-19T00:00:00+00:00,51597.39,51598.89,51553.39,51561.89,8472
2026-06-19T01:00:00+00:00,51561.89,51572.89,51499.39,51501.89,4746
2026-06-19T02:00:00+00:00,51501.89,51506.89,51452.39,51480.39,3432
2026-06-19T03:00:00+00:00,51480.39,51491.89,51432.39,51476.89,3851
2026-06-19T04:00:00+00:00,51476.89,51483.89,51390.39,51408.39,3347
2026-06-19T05:00:00+00:00,51408.39,51434.89,51385.39,51430.89,3611
2026-06-19T06:00:00+00:00,51430.89,51486.89,51405.39,51474.39,4175
2026-06-19T07:00:00+00:00,51474.39,51549.89,51473.89,51548.89,3585
2026-06-19T08:00:00+00:00,51548.89,51596.39,51528.89,51566.89,3188
2026-06-19T09:00:00+00:00,51566.89,51594.39,51547.39,51567.39,3804
2026-06-19T10:00:00+00:00,51567.39,51569.89,51433.89,51468.39,4200
2026-06-19T11:00:00+00:00,51468.39,51469.89,51416.89,51459.39,3939
2026-06-19T12:00:00+00:00,51459.39,51575.89,51384.39,51537.89,11312
2026-06-19T13:00:00+00:00,51537.89,51555.74,51486.24,51489.24,11841
2026-06-19T14:00:00+00:00,51489.24,51538.64,51446.14,51525.64,8268.951628999119
2026-06-19T15:00:00+00:00,51525.64,51564.64,51501.14,51535.64,6855
2026-06-19T16:00:00+00:00,51535.64,51552.14,51465.04,51466.04,2137
2026-06-19T17:00:00+00:00,51466.04,51467.64000000001,51442.149999999965,51458.05,262.0143288867811
2026-06-19T18:00:00+00:00,51458.149999999994,51467.850000000006,51455.649999999994,51461.350000000006,131.93347958251894
2026-06-19T19:00:00+00:00,51464.149999999994,51478.75,51425.55000000002,51446.55000000003,615.2175524588099
2026-06-21T22:00:00+00:00,51457.75,51497,51328.25,51464,8239.89649988945
2026-06-21T23:00:00+00:00,51464,51465,51352.5,51382.5,9958
2026-06-22T00:00:00+00:00,51382.5,51539.5,51360,51531.5,20942
2026-06-22T01:00:00+00:00,51531.5,51583.5,51531.5,51561.5,12428
2026-06-22T02:00:00+00:00,51561.5,51567.5,51459.5,51474,6338
2026-06-22T03:00:00+00:00,51474,51493,51455.5,51463,5547
2026-06-22T04:00:00+00:00,51463,51464.5,51424.25,51439.5,6073
2026-06-22T05:00:00+00:00,51439.5,51523.5,51438.5,51515,6967
2026-06-22T06:00:00+00:00,51515,51601,51510,51595.5,7730
2026-06-22T07:00:00+00:00,51595.5,51621,51555.5,51571,8378
2026-06-22T08:00:00+00:00,51571,51592,51536.5,51585,11734
2026-06-22T09:00:00+00:00,51585,51656,51573.5,51585,8840
2026-06-22T10:00:00+00:00,51585,51650,51583.5,51613.5,6644
2026-06-22T11:00:00+00:00,51613.5,51718.5,51600.5,51665,14208
2026-06-22T12:00:00+00:00,51665,51743,51657,51662.5,10994
2026-06-22T13:00:00+00:00,51662.5,51917.35,51660,51873.85,68565
2026-06-22T14:00:00+00:00,51873.85,51925.35,51684.35,51756.35,86616
2026-06-22T15:00:00+00:00,51756.35,51818.35,51681.35,51786.85,56087
2026-06-22T16:00:00+00:00,51786.85,51821.35,51720.35,51788.35,35356
2026-06-22T17:00:00+00:00,51788.35,51798.85,51694.35,51730.35,22287
2026-06-22T18:00:00+00:00,51730.35,51794.35,51640.35,51646.35,21516
2026-06-22T19:00:00+00:00,51646.35,51756.85,51626.35,51732.35,31324
2026-06-22T20:00:00+00:00,51732.35,51817,51720,51790.25,8132
2026-06-22T22:00:00+00:00,51790.25,51834,51752.25,51771,5434
2026-06-22T23:00:00+00:00,51771,51782.5,51736,51780,2095
2026-06-23T00:00:00+00:00,51780,51888,51761.5,51879.5,11433
2026-06-23T01:00:00+00:00,51879.5,51890,51747,51803.5,13779
2026-06-23T02:00:00+00:00,51803.5,51824.5,51754.5,51763,12096
2026-06-23T03:00:00+00:00,51763,51768.5,51674.5,51729,10666
2026-06-23T04:00:00+00:00,51729,51752.5,51612.5,51619.5,7973
2026-06-23T05:00:00+00:00,51619.5,51657.5,51547,51572.5,13988
2026-06-23T06:00:00+00:00,51572.5,51593.5,51484,51490,18518
2026-06-23T07:00:00+00:00,51490,51495,51324.5,51361,20532
2026-06-23T08:00:00+00:00,51361,51452,51319.5,51409,21378
2026-06-23T09:00:00+00:00,51409,51506.5,51391.5,51497.5,12504
2026-06-23T10:00:00+00:00,51497.5,51571.5,51443.5,51471,12917
2026-06-23T11:00:00+00:00,51471,51595,51448,51552.5,17204
2026-06-23T12:00:00+00:00,51552.5,51576,51473.5,51519,16664
2026-06-23T13:00:00+00:00,51519,51717.85,51322.35,51561.35,82763
2026-06-23T14:00:00+00:00,51561.35,51835.35,51541.85,51795.85,90535
2026-06-23T15:00:00+00:00,51795.85,51806.85,51649.85,51771.35,56306
2026-06-23T16:00:00+00:00,51771.35,51896.35,51764.35,51859.35,31711
2026-06-23T17:00:00+00:00,51859.35,51910.35,51790.35,51807.35,29358
2026-06-23T18:00:00+00:00,51807.35,51844.85,51673.35,51716.35,33047
2026-06-23T19:00:00+00:00,51716.35,51790.35,51676.35,51697.85,51590
2026-06-23T20:00:00+00:00,51697.85,51756.5,51681.5,51755.75,9100
2026-06-23T22:00:00+00:00,51755.75,51756.5,51650,51678.5,10530
2026-06-23T23:00:00+00:00,51678.5,51756.5,51608,51730.5,11635
2026-06-24T00:00:00+00:00,51730.5,51768,51673,51699.5,23736
2026-06-24T01:00:00+00:00,51699.5,51719,51662,51698.5,18745
2026-06-24T02:00:00+00:00,51698.5,51724,51639,51639.5,12840
2026-06-24T03:00:00+00:00,51639.5,51728,51621.5,51714.5,12501
2026-06-24T04:00:00+00:00,51714.5,51727.5,51654.5,51687.5,10708
2026-06-24T05:00:00+00:00,51687.5,51697,51643.5,51672.5,8176
2026-06-24T06:00:00+00:00,51672.5,51674.5,51620,51651,8733
2026-06-24T07:00:00+00:00,51651,51678.5,51599.5,51623,15254
2026-06-24T08:00:00+00:00,51623,51678.5,51622.5,51653,14051
2026-06-24T09:00:00+00:00,51653,51679.5,51603,51643.5,10791
2026-06-24T10:00:00+00:00,51643.5,51720.5,51608.5,51657.5,9341
2026-06-24T11:00:00+00:00,51657.5,51814.5,51655.5,51810.5,12629
2026-06-24T12:00:00+00:00,51810.5,51816,51667.5,51685.5,15385
2026-06-24T13:00:00+00:00,51685.5,51897.35,51571.5,51785.85,82711
2026-06-24T14:00:00+00:00,51785.85,52149.35,51770.35,52147.35,90826
2026-06-24T15:00:00+00:00,52147.35,52314.35,52102.85,52214.35,52857
2026-06-24T16:00:00+00:00,52214.35,52247.85,52088.85,52107.35,44722
2026-06-24T17:00:00+00:00,52107.35,52130.35,51796.35,51843.85,74548
2026-06-24T18:00:00+00:00,51843.85,52056.85,51831.35,51943.85,65779
2026-06-24T19:00:00+00:00,51943.85,52013.35,51827.85,51922.85,68441
2026-06-24T20:00:00+00:00,51922.85,52057.5,51896.5,52033.25,27640
2026-06-24T22:00:00+00:00,52033.25,52051.5,51950,51957,10374
2026-06-24T23:00:00+00:00,51957,52006.5,51940,51977,4810.341060821112
2026-06-25T00:00:00+00:00,51977,51983,51883,51894.5,15066
2026-06-25T01:00:00+00:00,51894.5,51950,51879,51905,12197
2026-06-25T02:00:00+00:00,51905,51941,51894.5,51926.5,7437
2026-06-25T03:00:00+00:00,51926.5,51948,51905.5,51946.5,5527
2026-06-25T04:00:00+00:00,51946.5,51951,51865.5,51877,4586
2026-06-25T05:00:00+00:00,51877,51934,51877,51916,5091
2026-06-25T06:00:00+00:00,51916,52013,51916,51979,7196
2026-06-25T07:00:00+00:00,51979,52012,51974.5,51994.5,9165
2026-06-25T08:00:00+00:00,51994.5,52011,51942,51952,8746
2026-06-25T09:00:00+00:00,51952,52005.5,51945,51987,7780
2026-06-25T10:00:00+00:00,51987,52111,51984.5,52072.5,8708
2026-06-25T11:00:00+00:00,52072.5,52078.5,51985,51986.5,8959
2026-06-25T12:00:00+00:00,51986.5,52112.5,51956,52053,23516
2026-06-25T13:00:00+00:00,52053,52330.85,52045,52112.35,97431
2026-06-25T14:00:00+00:00,52112.35,52741.35,52107.35,52552.35,131635
2026-06-25T15:00:00+00:00,52552.35,52585.35,52257.35,52317.35,96236
2026-06-25T16:00:00+00:00,52317.35,52395.35,52085.85,52114.35,69566
2026-06-25T17:00:00+00:00,52114.35,52169.85,51987.85,52087.35,57355
2026-06-25T18:00:00+00:00,52087.35,52217.35,51952.35,52041.35,70942
2026-06-25T19:00:00+00:00,52041.35,52075.85,51938.75,52014.85,56449
2026-06-25T20:00:00+00:00,52014.85,52177,52008.5,52101.25,14883
2026-06-25T22:00:00+00:00,52101.25,52111,52054.75,52085.5,8819
2026-06-25T23:00:00+00:00,52085.5,52186,52018,52052,10789
2026-06-26T00:00:00+00:00,52052,52130,52035,52091,25550
2026-06-26T01:00:00+00:00,52091,52118.5,51973,51996,19547
2026-06-26T02:00:00+00:00,51996,52004,51886,51895,19467
2026-06-26T03:00:00+00:00,51895,51936.5,51846.5,51934,15323
2026-06-26T04:00:00+00:00,51934,51943,51876.5,51883,13352
2026-06-26T05:00:00+00:00,51883,51940,51824.5,51877,12705
2026-06-26T06:00:00+00:00,51877,52082,51872.5,52056.5,13186
2026-06-26T07:00:00+00:00,52056.5,52105,52002,52091,12449
2026-06-26T08:00:00+00:00,52091,52116,51938.5,51976,16109
2026-06-26T09:00:00+00:00,51976,51998,51912,51947,17778
2026-06-26T10:00:00+00:00,51947,51959,51891.5,51942,13154
2026-06-26T11:00:00+00:00,51942,51973,51900,51935.5,14933
2026-06-26T12:00:00+00:00,51935.5,52052,51848.5,51905,19773
2026-06-26T13:00:00+00:00,51905,51912,51667.35,51850.75,114399
2026-06-26T14:00:00+00:00,51850.75,52092.35,51841.75,51946.85,97200
2026-06-26T15:00:00+00:00,51946.85,52201.85,51931.35,52161.85,71443
2026-06-26T16:00:00+00:00,52161.85,52166.35,51901.35,52034.35,52673
2026-06-26T17:00:00+00:00,52034.35,52133.85,51949.85,51969.35,41082
2026-06-26T18:00:00+00:00,51969.35,52028.35,51877.35,51898.35,39000
2026-06-26T19:00:00+00:00,51898.35,51980.35,51787.75,51810.75,57649
2026-06-26T20:00:00+00:00,51810.75,51943.5,51810.75,51847.75,31921
2026-06-28T22:00:00+00:00,51847.75,52060.26,51847.75,52042.26,9939
2026-06-28T23:00:00+00:00,52042.26,52157.26,52033.76,52110.26,9968
2026-06-29T00:00:00+00:00,52110.26,52112.76,52012.26,52073.26,23266
2026-06-29T01:00:00+00:00,52073.26,52082.76,51977.76,52033.76,18424
2026-06-29T02:00:00+00:00,52033.76,52077.76,51963.26,52067.26,10714
2026-06-29T03:00:00+00:00,52067.26,52107.26,52014.26,52091.26,8197
2026-06-29T04:00:00+00:00,52091.26,52091.76,52047.76,52066.26,6916
2026-06-29T05:00:00+00:00,52066.26,52146.76,52055.26,52137.76,8840
2026-06-29T06:00:00+00:00,52137.76,52139.76,52049.26,52058.76,7328
2026-06-29T07:00:00+00:00,52058.76,52126.76,51996.26,52118.26,10934
2026-06-29T08:00:00+00:00,52118.26,52173.26,52067.26,52071.26,10911
2026-06-29T09:00:00+00:00,52071.26,52129.26,52041.26,52079.26,8160
2026-06-29T10:00:00+00:00,52079.26,52159.76,52048.26,52156.26,7127
2026-06-29T11:00:00+00:00,52156.26,52203.26,52108.76,52170.76,10180
2026-06-29T12:00:00+00:00,52170.76,52179.26,52092.26,52168.26,9693
2026-06-29T13:00:00+00:00,52168.26,52391.11,52086.61,52259.11,84816
2026-06-29T14:00:00+00:00,52259.11,52406.61,52030.11,52303.11,117803
2026-06-29T15:00:00+00:00,52303.11,52309.11,52140.11,52196.11,47964
2026-06-29T16:00:00+00:00,52196.11,52249.61,52161.61,52198.61,24216
2026-06-29T17:00:00+00:00,52198.61,52336.11,52193.11,52320.61,22112
2026-06-29T18:00:00+00:00,52320.61,52363.11,52303.61,52320.11,18270
2026-06-29T19:00:00+00:00,52320.11,52334.61,52240.11,52259.11,23244
2026-06-29T20:00:00+00:00,52259.11,52287.26,52233.01,52241.01,5166
2026-06-29T22:00:00+00:00,52241.01,52270.8,52229.8,52242.3,5357
2026-06-29T23:00:00+00:00,52242.3,52267.3,52207.3,52228.3,3604
2026-06-30T00:00:00+00:00,52228.3,52241.3,52178.8,52229.3,11165
2026-06-30T01:00:00+00:00,52229.3,52271.3,52202.8,52259.8,7149
2026-06-30T02:00:00+00:00,52259.8,52260.8,52211.8,52220.8,5055
2026-06-30T03:00:00+00:00,52220.8,52300.3,52218.3,52276.3,4658
2026-06-30T04:00:00+00:00,52276.3,52319.3,52273.8,52290.8,3471
2026-06-30T05:00:00+00:00,52290.8,52313.8,52277.8,52301.8,4879
2026-06-30T06:00:00+00:00,52301.8,52316.3,52267.3,52316.3,6466
2026-06-30T07:00:00+00:00,52316.3,52351.3,52289.8,52300.3,7408
2026-06-30T08:00:00+00:00,52300.3,52334.3,52254.8,52306.8,9989
2026-06-30T09:00:00+00:00,52306.8,52411.3,52300.8,52378.8,7164
2026-06-30T10:00:00+00:00,52378.8,52401.8,52317.8,52384.3,7676
2026-06-30T11:00:00+00:00,52384.3,52425.3,52322.3,52326.8,7281
2026-06-30T12:00:00+00:00,52326.8,52328.3,52203.3,52257.3,12874
2026-06-30T13:00:00+00:00,52257.3,52374.8,52096.15,52319.55,60838
2026-06-30T14:00:00+00:00,52319.55,52444.65,52260.65,52324.65,52824
2026-06-30T15:00:00+00:00,52324.65,52439.15,52317.65,52391.65,30981
2026-06-30T16:00:00+00:00,52391.65,52474.65,52386.65,52456.65,20332
2026-06-30T17:00:00+00:00,52456.65,52476.65,52409.65,52413.65,15376
2026-06-30T18:00:00+00:00,52413.65,52450.65,52384.15,52425.65,14967
2026-06-30T19:00:00+00:00,52425.65,52467.65,52358.15,52389.15,27611
2026-06-30T20:00:00+00:00,52389.15,52418.8,52273.3,52281.55,8635
2026-06-30T22:00:00+00:00,52281.55,52331.8,52281.55,52298.8,3701
2026-06-30T23:00:00+00:00,52298.8,52308.3,52283.3,52294.8,2351
2026-07-01T00:00:00+00:00,52294.8,52348.8,52293.8,52327.3,7373
2026-07-01T01:00:00+00:00,52327.3,52336.8,52250.8,52257.3,9979
2026-07-01T02:00:00+00:00,52257.3,52268.3,52188.3,52214.3,8211
2026-07-01T03:00:00+00:00,52214.3,52231.8,52186.8,52224.8,5142
2026-07-01T04:00:00+00:00,52224.8,52252.8,52205.8,52232.3,5907
2026-07-01T05:00:00+00:00,52232.3,52241.8,52205.8,52221.8,6543
2026-07-01T06:00:00+00:00,52221.8,52255.3,52207.3,52235.8,7857
2026-07-01T07:00:00+00:00,52235.8,52256.3,52148.3,52218.8,10227
2026-07-01T08:00:00+00:00,52218.8,52294.3,52199.8,52281.8,8712
2026-07-01T09:00:00+00:00,52281.8,52285.8,52230.8,52268.3,6341
2026-07-01T10:00:00+00:00,52268.3,52294.3,52226.3,52276.8,5839
2026-07-01T11:00:00+00:00,52276.8,52307.3,52224.8,52240.8,6335
2026-07-01T12:00:00+00:00,52240.8,52273.8,52183.3,52250.3,15785
2026-07-01T13:00:00+00:00,52250.3,52376.15,52103.65,52344.15,78336
2026-07-01T14:00:00+00:00,52344.15,52529.65,52309.15,52527.15,53483
2026-07-01T15:00:00+00:00,52527.15,52711.15,52482.65,52707.65,36833
2026-07-01T16:00:00+00:00,52707.65,52827.65,52586.15,52588.15,27659
2026-07-01T17:00:00+00:00,52588.15,52619.65,52481.15,52490.65,26153
2026-07-01T18:00:00+00:00,52490.65,52514.15,52413.65,52446.15,21924
2026-07-01T19:00:00+00:00,52446.15,52469.15,52378.15,52384.65,28709
2026-07-01T20:00:00+00:00,52384.65,52388.8,52291.8,52325.05,10116
2026-07-01T22:00:00+00:00,52325.05,52349.25,52299,52345.25,4532.354506305752
2026-07-01T23:00:00+00:00,52345.25,52355.25,52307.75,52334.75,3808.77153126584
2026-07-02T00:00:00+00:00,52334.75,52342.75,52287.75,52337.75,14171
2026-07-02T01:00:00+00:00,52337.75,52423.25,52334.75,52407.25,6680
2026-07-02T02:00:00+00:00,52407.25,52447.75,52403.75,52444.25,3729
2026-07-02T03:00:00+00:00,52444.25,52462.75,52431.25,52448.25,4288
2026-07-02T04:00:00+00:00,52448.25,52450.25,52393.75,52412.25,3986
2026-07-02T05:00:00+00:00,52412.25,52431.25,52377.75,52379.75,5624
2026-07-02T06:00:00+00:00,52379.75,52391.75,52314.25,52317.25,7575
2026-07-02T07:00:00+00:00,52317.25,52380.75,52277.25,52359.25,9632
2026-07-02T08:00:00+00:00,52359.25,52447.25,52341.75,52412.75,11133
2026-07-02T09:00:00+00:00,52412.75,52439.25,52389.75,52426.25,6189
2026-07-02T10:00:00+00:00,52426.25,52499.25,52407.75,52485.25,5913
2026-07-02T11:00:00+00:00,52485.25,52509.25,52456.25,52457.75,6490
2026-07-02T12:00:00+00:00,52457.75,52673.75,52438.25,52595.75,27988
2026-07-02T13:00:00+00:00,52595.75,52854.6,52531.25,52762.6,76330
2026-07-02T14:00:00+00:00,52762.6,52869.1,52651.6,52844.6,107860
2026-07-02T15:00:00+00:00,52844.6,52846.6,52648.6,52737.6,89977
2026-07-02T16:00:00+00:00,52737.6,52766.6,52649.1,52685.6,52660
2026-07-02T17:00:00+00:00,52685.6,52688.6,52495.1,52513.1,53076
2026-07-02T18:00:00+00:00,52513.1,52766.1,52492.6,52726.6,39448
2026-07-02T19:00:00+00:00,52726.6,52946.1,52643.1,52898.6,44789
2026-07-02T20:00:00+00:00,52898.6,52906.75,52865.25,52893,10653
2026-07-02T22:00:00+00:00,52893,52931.25,52877.25,52929.75,2255
2026-07-02T23:00:00+00:00,52929.75,52964.75,52916.75,52956.75,3672
2026-07-03T00:00:00+00:00,52956.75,53016.75,52925.75,52999.75,12708
2026-07-03T01:00:00+00:00,52999.75,53137.75,52993.25,53091.75,8551
2026-07-03T02:00:00+00:00,53091.75,53109.25,53050.25,53072.75,3202
2026-07-03T03:00:00+00:00,53072.75,53078.75,53039.25,53073.75,2832
2026-07-03T04:00:00+00:00,53073.75,53080.75,53050.25,53052.25,1919
2026-07-03T05:00:00+00:00,53052.25,53055.75,52996.75,53000.75,3745
2026-07-03T06:00:00+00:00,53000.75,53060.25,52997.75,53044.25,4527
2026-07-03T07:00:00+00:00,53044.25,53082.25,52959.75,52959.75,4967
2026-07-03T08:00:00+00:00,52959.75,52966.25,52859.75,52864.25,4224
2026-07-03T09:00:00+00:00,52864.25,52897.75,52854.75,52855.75,3924
2026-07-03T10:00:00+00:00,52855.75,52899.25,52841.25,52858.25,2600
2026-07-03T11:00:00+00:00,52858.25,52858.25,52811.25,52842.25,2886
2026-07-03T12:00:00+00:00,52842.25,52861.75,52811.25,52853.75,3753
2026-07-03T13:00:00+00:00,52853.75,52892.1,52819.25,52863.6,9283
2026-07-03T14:00:00+00:00,52863.6,52984.6,52847.6,52977.6,7648
2026-07-03T15:00:00+00:00,52977.6,52979.6,52884.6,52916.6,5879
2026-07-03T16:00:00+00:00,52916.6,52922.1,52891.6,52897.1,2992
2026-07-03T17:00:00+00:00,52897.1,52897.1,52810.850000000006,52815.75,144.21420121335086
2026-07-03T18:00:00+00:00,52818.649999999994,52822.45000000001,52815.45,52821.149999999994,173.85912099221525
2026-07-03T19:00:00+00:00,52821.149999999994,52835.350000000006,52813.249999999985,52824.850000000006,765.3080498209238
2026-07-05T22:00:00+00:00,52953.6,53012.20999999999,52941.20999999999,52981.70999999999,3362.7659574468084
2026-07-05T23:00:00+00:00,52981.70999999999,53061.20999999999,52975.70999999999,53059.20999999999,3429
2026-07-06T00:00:00+00:00,53059.20999999999,53099.20999999999,53005.20999999999,53076.20999999999,13931
2026-07-06T01:00:00+00:00,53076.20999999999,53080.20999999999,53023.20999999999,53042.20999999999,9244
2026-07-06T02:00:00+00:00,53042.20999999999,53051.20999999999,52976.70999999999,52995.20999999999,6582
2026-07-06T03:00:00+00:00,52995.20999999999,52995.20999999999,52955.20999999999,52966.70999999999,5194
2026-07-06T04:00:00+00:00,52966.70999999999,52995.20999999999,52949.20999999999,52984.70999999999,3599
2026-07-06T05:00:00+00:00,52984.70999999999,53014.20999999999,52971.70999999999,52982.70999999999,4625
2026-07-06T06:00:00+00:00,52982.70999999999,53004.20999999999,52973.70999999999,52998.20999999999,4148
2026-07-06T07:00:00+00:00,52998.20999999999,53101.70999999999,52989.70999999999,53096.20999999999,5196
2026-07-06T08:00:00+00:00,53096.20999999999,53113.20999999999,53024.70999999999,53044.20999999999,6344
2026-07-06T09:00:00+00:00,53044.20999999999,53045.20999999999,52981.70999999999,53007.70999999999,5101
2026-07-06T10:00:00+00:00,53007.70999999999,53043.70999999999,52966.70999999999,52987.70999999999,4128
2026-07-06T11:00:00+00:00,52987.70999999999,53007.70999999999,52910.20999999999,52920.70999999999,5575
2026-07-06T12:00:00+00:00,52920.70999999999,52967.20999999999,52900.70999999999,52936.70999999999,7991
2026-07-06T13:00:00+00:00,52936.70999999999,53185.06,52842.06,52862.95999999999,60343
2026-07-06T14:00:00+00:00,52862.95999999999,52996.06,52765.06,52995.06,56274
2026-07-06T15:00:00+00:00,52995.06,53030.56,52947.06,52983.56,29447
2026-07-06T16:00:00+00:00,52983.56,53046.06,52945.56,53011.06,16889
2026-07-06T17:00:00+00:00,53011.06,53082.56,52985.56,53026.06,18842
2026-07-06T18:00:00+00:00,53026.06,53134.06,53026.06,53134.06,14826
2026-07-06T19:00:00+00:00,53134.06,53187.06,53073.56,53185.56,22374
2026-07-06T20:00:00+00:00,53185.56,53222.20999999999,53167.70999999999,53220.45999999999,5256
2026-07-06T22:00:00+00:00,53220.45999999999,53252.20999999999,53212.95999999999,53238.20999999999,1906.42262653634
2026-07-06T23:00:00+00:00,53238.20999999999,53253.70999999999,53167.20999999999,53177.70999999999,2520
2026-07-07T00:00:00+00:00,53177.70999999999,53232.20999999999,53168.20999999999,53206.70999999999,8691
2026-07-07T01:00:00+00:00,53206.70999999999,53284.20999999999,53202.20999999999,53253.20999999999,5123
2026-07-07T02:00:00+00:00,53253.20999999999,53262.70999999999,53221.70999999999,53221.70999999999,3011
2026-07-07T03:00:00+00:00,53221.70999999999,53257.20999999999,53220.20999999999,53235.20999999999,3568
2026-07-07T04:00:00+00:00,53235.20999999999,53249.20999999999,53180.20999999999,53192.20999999999,2508
2026-07-07T05:00:00+00:00,53192.20999999999,53222.70999999999,53172.70999999999,53220.20999999999,3632
2026-07-07T06:00:00+00:00,53220.20999999999,53225.70999999999,53155.20999999999,53201.20999999999,3519
2026-07-07T07:00:00+00:00,53201.20999999999,53290.20999999999,53186.20999999999,53256.20999999999,5146
2026-07-07T08:00:00+00:00,53256.20999999999,53333.20999999999,53226.20999999999,53274.20999999999,6482
2026-07-07T09:00:00+00:00,53274.20999999999,53315.70999999999,53255.70999999999,53301.20999999999,4373
2026-07-07T10:00:00+00:00,53301.20999999999,53313.70999999999,53224.20999999999,53251.70999999999,4798
2026-07-07T11:00:00+00:00,53251.70999999999,53345.70999999999,53233.95999999999,53331.70999999999,6359
2026-07-07T12:00:00+00:00,53331.70999999999,53435.70999999999,53312.70999999999,53404.20999999999,8393
2026-07-07T13:00:00+00:00,53404.20999999999,53469.20999999999,53149.56,53183.06,59251
2026-07-07T14:00:00+00:00,53183.06,53218.56,52997.56,53001.06,68160
2026-07-07T15:00:00+00:00,53001.06,53006.06,52892.06,52993.06,39401
2026-07-07T16:00:00+00:00,52993.06,53036.56,52965.06,53013.06,23456
2026-07-07T17:00:00+00:00,53013.06,53065.06,52970.56,53029.56,16855
2026-07-07T18:00:00+00:00,53029.56,53077.56,52993.56,53013.56,22270
2026-07-07T19:00:00+00:00,53013.56,53078.56,52937.56,53022.06,38039
2026-07-07T20:00:00+00:00,53022.06,53025.20999999999,52965.20999999999,53014.95999999999,6906
2026-07-07T22:00:00+00:00,53014.95999999999,53017.20999999999,52944.95999999999,52993.70999999999,6906
2026-07-07T23:00:00+00:00,52993.70999999999,53020.70999999999,52955.20999999999,52959.70999999999,4636
2026-07-08T00:00:00+00:00,52959.70999999999,53020.20999999999,52918.20999999999,53019.70999999999,14650
2026-07-08T01:00:00+00:00,53019.70999999999,53031.70999999999,52979.20999999999,52989.70999999999,7601
2026-07-08T02:00:00+00:00,52989.70999999999,52997.20999999999,52937.70999999999,52962.20999999999,5469
2026-07-08T03:00:00+00:00,52962.20999999999,52995.70999999999,52960.20999999999,52962.70999999999,3561
2026-07-08T04:00:00+00:00,52962.70999999999,52992.20999999999,52953.70999999999,52979.20999999999,4507
2026-07-08T05:00:00+00:00,52979.20999999999,52989.20999999999,52916.20999999999,52938.70999999999,6125
2026-07-08T06:00:00+00:00,52938.70999999999,52941.20999999999,52847.70999999999,52879.20999999999,7442
2026-07-08T07:00:00+00:00,52879.20999999999,52884.20999999999,52801.20999999999,52818.70999999999,12363
2026-07-08T08:00:00+00:00,52818.70999999999,52833.20999999999,52367.20999999999,52375.20999999999,44710
2026-07-08T09:00:00+00:00,52375.20999999999,52399.20999999999,52293.70999999999,52324.20999999999,23894
2026-07-08T10:00:00+00:00,52324.20999999999,52484.20999999999,52292.70999999999,52446.70999999999,17490
2026-07-08T11:00:00+00:00,52446.70999999999,52594.20999999999,52396.20999999999,52514.20999999999,21670
2026-07-08T12:00:00+00:00,52514.20999999999,52640.70999999999,52478.70999999999,52520.70999999999,19412
2026-07-08T13:00:00+00:00,52520.70999999999,52618.06,52425.56,52482.06,78040
2026-07-08T14:00:00+00:00,52482.06,52571.06,52246.06,52290.06,91653
2026-07-08T15:00:00+00:00,52290.06,52300.06,52166.56,52208.56,56120
2026-07-08T16:00:00+00:00,52208.56,52436.06,52208.06,52411.06,43826
2026-07-08T17:00:00+00:00,52411.06,52515.06,52387.56,52422.56,27111
2026-07-08T18:00:00+00:00,52422.56,52504.06,52399.56,52479.56,25165.949284785434
2026-07-08T19:00:00+00:00,52479.56,52492.56,52398.56,52445.56,27049
2026-07-08T20:00:00+00:00,52445.56,52450.70999999999,52355.20999999999,52380.95999999999,9639
2026-07-08T22:00:00+00:00,52380.95999999999,52426.20999999999,52375.70999999999,52406.20999999999,3247
2026-07-08T23:00:00+00:00,52406.20999999999,52437.70999999999,52396.70999999999,52430.20999999999,3379
2026-07-09T00:00:00+00:00,52430.20999999999,52495.70999999999,52410.20999999999,52492.70999999999,9387
2026-07-09T01:00:00+00:00,52492.70999999999,52519.20999999999,52471.70999999999,52504.70999999999,6220
2026-07-09T02:00:00+00:00,52504.70999999999,52528.70999999999,52478.20999999999,52491.20999999999,6351
2026-07-09T03:00:00+00:00,52491.20999999999,52533.70999999999,52472.70999999999,52526.70999999999,4796
2026-07-09T04:00:00+00:00,52526.70999999999,52558.70999999999,52517.70999999999,52551.20999999999,3212
2026-07-09T05:00:00+00:00,52551.20999999999,52588.20999999999,52504.20999999999,52586.70999999999,7531
2026-07-09T06:00:00+00:00,52586.70999999999,52594.70999999999,52523.20999999999,52537.70999999999,5569
2026-07-09T07:00:00+00:00,52537.70999999999,52571.20999999999,52507.70999999999,52531.70999999999,7886
2026-07-09T08:00:00+00:00,52531.70999999999,52548.20999999999,52470.70999999999,52503.70999999999,8884
2026-07-09T09:00:00+00:00,52503.70999999999,52507.70999999999,52402.45999999999,52458.70999999999,7329
2026-07-09T10:00:00+00:00,52458.70999999999,52472.20999999999,52335.70999999999,52395.20999999999,9888
2026-07-09T11:00:00+00:00,52395.20999999999,52429.70999999999,52360.70999999999,52423.70999999999,10833
2026-07-09T12:00:00+00:00,52423.70999999999,52519.70999999999,52417.70999999999,52481.70999999999,11757
2026-07-09T13:00:00+00:00,52481.70999999999,52582.20999999999,52383.56,52512.56,57276
2026-07-09T14:00:00+00:00,52512.56,52612.56,52457.56,52610.06,66114
2026-07-09T15:00:00+00:00,52610.06,52688.06,52550.06,52608.56,26582
2026-07-09T16:00:00+00:00,52608.56,52700.06,52607.56,52636.06,15818
2026-07-09T17:00:00+00:00,52636.06,52682.56,52616.06,52651.56,14013
2026-07-09T18:00:00+00:00,52651.56,52687.56,52574.06,52590.56,13885
2026-07-09T19:00:00+00:00,52590.56,52608.06,52533.06,52603.56,20316
2026-07-09T20:00:00+00:00,52603.56,52620.20999999999,52545.45999999999,52548.45999999999,4839
2026-07-09T22:00:00+00:00,52548.45999999999,52601.70999999999,52548.45999999999,52591.70999999999,3115
2026-07-09T23:00:00+00:00,52591.70999999999,52611.70999999999,52575.70999999999,52592.20999999999,2078
2026-07-10T00:00:00+00:00,52592.20999999999,52597.70999999999,52555.20999999999,52575.70999999999,4623
2026-07-10T01:00:00+00:00,52575.70999999999,52588.70999999999,52565.70999999999,52575.20999999999,3605
2026-07-10T02:00:00+00:00,52575.20999999999,52590.70999999999,52559.70999999999,52588.20999999999,2365
2026-07-10T03:00:00+00:00,52588.20999999999,52607.20999999999,52573.70999999999,52581.20999999999,1573
2026-07-10T04:00:00+00:00,52581.20999999999,52585.70999999999,52548.20999999999,52553.20999999999,1694
2026-07-10T05:00:00+00:00,52553.20999999999,52590.70999999999,52549.20999999999,52588.20999999999,1838
2026-07-10T06:00:00+00:00,52588.20999999999,52662.70999999999,52588.20999999999,52631.20999999999,4776
2026-07-10T07:00:00+00:00,52631.20999999999,52692.20999999999,52624.70999999999,52650.70999999999,5579
2026-07-10T08:00:00+00:00,52650.70999999999,52712.70999999999,52612.70999999999,52640.20999999999,7407
2026-07-10T09:00:00+00:00,52640.20999999999,52693.20999999999,52621.70999999999,52661.70999999999,5136
2026-07-10T10:00:00+00:00,52661.70999999999,52739.70999999999,52661.70999999999,52727.20999999999,4690
2026-07-10T11:00:00+00:00,52727.20999999999,52731.70999999999,52645.20999999999,52667.20999999999,5521
2026-07-10T12:00:00+00:00,52667.20999999999,52795.70999999999,52629.20999999999,52729.70999999999,13313
2026-07-10T13:00:00+00:00,52729.70999999999,52782.20999999999,52615.45999999999,52658.56,49012
2026-07-10T14:00:00+00:00,52658.56,52704.06,52350.56,52629.56,66691
2026-07-10T15:00:00+00:00,52629.56,52767.56,52621.56,52711.56,35805
2026-07-10T16:00:00+00:00,52711.56,52755.06,52658.56,52746.06,16620
2026-07-10T17:00:00+00:00,52746.06,52779.56,52723.56,52749.56,10856
2026-07-10T18:00:00+00:00,52749.56,52800.06,52737.06,52790.56,9964
2026-07-10T19:00:00+00:00,52790.56,52830.06,52738.06,52759.56,14198
2026-07-10T20:00:00+00:00,52759.56,52810.20999999999,52688.59,52704.09,3173
2026-07-12T22:00:00+00:00,52704.09,52849.23999999999,52704.09,52795.73999999999,3371.1654729232214
2026-07-12T23:00:00+00:00,52795.73999999999,52799.23999999999,52751.73999999999,52785.73999999999,2988
2026-07-13T00:00:00+00:00,52785.73999999999,52821.73999999999,52740.23999999999,52757.73999999999,13269
2026-07-13T01:00:00+00:00,52757.73999999999,52758.23999999999,52700.23999999999,52718.73999999999,10400
2026-07-13T02:00:00+00:00,52718.73999999999,52724.73999999999,52689.73999999999,52696.73999999999,5603
2026-07-13T03:00:00+00:00,52696.73999999999,52698.73999999999,52668.73999999999,52675.23999999999,3503
2026-07-13T04:00:00+00:00,52675.23999999999,52691.73999999999,52654.73999999999,52665.23999999999,3338
2026-07-13T05:00:00+00:00,52665.23999999999,52702.73999999999,52634.23999999999,52686.73999999999,7076
2026-07-13T06:00:00+00:00,52686.73999999999,52809.23999999999,52685.73999999999,52805.73999999999,8199
2026-07-13T07:00:00+00:00,52805.73999999999,52872.73999999999,52779.73999999999,52831.23999999999,8878
2026-07-13T08:00:00+00:00,52831.23999999999,52927.23999999999,52825.73999999999,52925.73999999999,8995
2026-07-13T09:00:00+00:00,52925.73999999999,52961.23999999999,52901.73999999999,52903.73999999999,5303
2026-07-13T10:00:00+00:00,52903.73999999999,52906.23999999999,52859.23999999999,52873.73999999999,5514
2026-07-13T11:00:00+00:00,52873.73999999999,52891.23999999999,52809.73999999999,52823.23999999999,7473
2026-07-13T12:00:00+00:00,52823.23999999999,52862.23999999999,52783.73999999999,52860.73999999999,11111
2026-07-13T13:00:00+00:00,52860.73999999999,53091.09,52833.73999999999,53068.59,58668
2026-07-13T14:00:00+00:00,53068.59,53092.59,52749.59,52809.59,69401
2026-07-13T15:00:00+00:00,52809.59,52828.59,52723.59,52732.59,27205
2026-07-13T16:00:00+00:00,52732.59,52747.59,52582.09,52689.59,33782
2026-07-13T17:00:00+00:00,52689.59,52769.59,52685.59,52696.09,24935
2026-07-13T18:00:00+00:00,52696.09,52764.09,52672.59,52730.59,22040
2026-07-13T19:00:00+00:00,52730.59,52765.09,52653.09,52744.09,26385
2026-07-13T20:00:00+00:00,52744.09,52744.23999999999,52657.73999999999,52701.48999999999,7987
2026-07-13T22:00:00+00:00,52701.48999999999,52745.73999999999,52678.73999999999,52683.23999999999,5076
2026-07-13T23:00:00+00:00,52683.23999999999,52684.23999999999,52628.73999999999,52682.73999999999,5288
2026-07-14T00:00:00+00:00,52682.73999999999,52707.23999999999,52559.73999999999,52634.73999999999,29301
2026-07-14T01:00:00+00:00,52634.73999999999,52666.73999999999,52590.23999999999,52604.73999999999,14436
2026-07-14T02:00:00+00:00,52604.73999999999,52643.73999999999,52567.73999999999,52575.23999999999,10560
2026-07-14T03:00:00+00:00,52575.23999999999,52597.73999999999,52548.23999999999,52585.23999999999,8600
2026-07-14T04:00:00+00:00,52585.23999999999,52679.73999999999,52566.23999999999,52671.23999999999,7061
2026-07-14T05:00:00+00:00,52671.23999999999,52733.23999999999,52662.73999999999,52705.23999999999,6816
2026-07-14T06:00:00+00:00,52705.23999999999,52727.73999999999,52621.73999999999,52623.23999999999,7388
2026-07-14T07:00:00+00:00,52623.23999999999,52683.23999999999,52558.23999999999,52620.23999999999,16973
2026-07-14T08:00:00+00:00,52620.23999999999,52637.73999999999,52546.73999999999,52572.73999999999,15220
2026-07-14T09:00:00+00:00,52572.73999999999,52658.23999999999,52552.23999999999,52630.73999999999,12970
2026-07-14T10:00:00+00:00,52630.73999999999,52756.23999999999,52549.23999999999,52571.23999999999,17183
2026-07-14T11:00:00+00:00,52571.23999999999,52595.73999999999,52244.73999999999,52451.73999999999,36395
2026-07-14T12:00:00+00:00,52451.73999999999,52884.73999999999,52404.73999999999,52617.23999999999,34732
2026-07-14T13:00:00+00:00,52617.23999999999,52876.59,52560.59,52808.59,78984
2026-07-14T14:00:00+00:00,52808.59,52965.59,52737.59,52752.09,84445
2026-07-14T15:00:00+00:00,52752.09,52865.09,52568.59,52652.59,50120
2026-07-14T16:00:00+00:00,52652.59,52692.59,52590.09,52663.59,27928
2026-07-14T17:00:00+00:00,52663.59,52720.59,52642.09,52670.59,16867
2026-07-14T18:00:00+00:00,52670.59,52738.59,52644.59,52729.59,15424
2026-07-14T19:00:00+00:00,52729.59,52814.09,52722.59,52770.09,20787
2026-07-14T20:00:00+00:00,52770.09,52800.73999999999,52761.73999999999,52795.23999999999,4483
2026-07-14T22:00:00+00:00,52795.23999999999,52814.23999999999,52757.73999999999,52788.73999999999,2664
2026-07-14T23:00:00+00:00,52788.73999999999,52869.73999999999,52786.23999999999,52862.73999999999,3221
2026-07-15T00:00:00+00:00,52862.73999999999,52870.73999999999,52773.23999999999,52824.23999999999,5622
2026-07-15T01:00:00+00:00,52824.23999999999,52838.73999999999,52796.73999999999,52821.23999999999,4285
2026-07-15T02:00:00+00:00,52821.23999999999,52846.73999999999,52810.73999999999,52825.73999999999,2210
2026-07-15T03:00:00+00:00,52825.73999999999,52848.23999999999,52820.73999999999,52842.73999999999,1521
2026-07-15T04:00:00+00:00,52842.73999999999,52863.23999999999,52836.73999999999,52848.73999999999,1252
2026-07-15T05:00:00+00:00,52848.73999999999,52871.73999999999,52814.73999999999,52844.73999999999,4180
2026-07-15T06:00:00+00:00,52844.73999999999,52844.73999999999,52784.73999999999,52790.73999999999,2981
2026-07-15T07:00:00+00:00,52790.73999999999,52791.23999999999,52697.23999999999,52749.73999999999,6943
2026-07-15T08:00:00+00:00,52749.73999999999,52886.73999999999,52744.23999999999,52881.73999999999,7705
2026-07-15T09:00:00+00:00,52881.73999999999,52923.73999999999,52868.23999999999,52878.23999999999,4267
2026-07-15T10:00:00+00:00,52878.23999999999,52902.73999999999,52771.23999999999,52809.23999999999,6204
2026-07-15T11:00:00+00:00,52809.23999999999,52824.73999999999,52740.23999999999,52810.23999999999,6385
2026-07-15T12:00:00+00:00,52810.23999999999,52940.23999999999,52764.73999999999,52889.73999999999,10942
2026-07-15T13:00:00+00:00,52889.73999999999,53088.09,52762.09,52945.59,57014
2026-07-15T14:00:00+00:00,52945.59,53084.59,52902.59,52957.59,64731
2026-07-15T15:00:00+00:00,52957.59,52995.59,52880.59,52888.59,36607
2026-07-15T16:00:00+00:00,52888.59,52898.09,52679.59,52792.59,38151
2026-07-15T17:00:00+00:00,52792.59,52928.09,52762.09,52919.59,22167
2026-07-15T18:00:00+00:00,52919.59,52951.09,52856.09,52860.59,17131
2026-07-15T19:00:00+00:00,52860.59,52919.59,52834.59,52913.59,21609
2026-07-15T20:00:00+00:00,52913.59,52939.73999999999,52880.73999999999,52898.98999999999,3826
2026-07-15T22:00:00+00:00,52898.98999999999,52945.73999999999,52898.98999999999,52919.23999999999,2353.3075276489476
2026-07-15T23:00:00+00:00,52919.23999999999,52948.73999999999,52915.23999999999,52918.23999999999,1823.7327011788825
2026-07-16T00:00:00+00:00,52918.23999999999,52974.23999999999,52915.73999999999,52933.23999999999,7134
2026-07-16T01:00:00+00:00,52933.23999999999,52935.23999999999,52882.73999999999,52891.73999999999,5739
2026-07-16T02:00:00+00:00,52891.73999999999,52933.73999999999,52862.23999999999,52932.23999999999,4195
2026-07-16T03:00:00+00:00,52932.23999999999,52976.23999999999,52927.73999999999,52965.23999999999,3104
2026-07-16T04:00:00+00:00,52965.23999999999,52979.73999999999,52946.73999999999,52962.73999999999,2010
2026-07-16T05:00:00+00:00,52962.73999999999,53004.23999999999,52934.73999999999,52939.73999999999,4693
2026-07-16T06:00:00+00:00,52939.73999999999,52969.23999999999,52905.73999999999,52951.73999999999,6205
2026-07-16T07:00:00+00:00,52951.73999999999,52956.23999999999,52841.73999999999,52854.73999999999,8592
2026-07-16T08:00:00+00:00,52854.73999999999,52938.73999999999,52848.23999999999,52911.23999999999,10075
2026-07-16T09:00:00+00:00,52911.23999999999,53065.23999999999,52842.73999999999,53032.73999999999,8525
2026-07-16T10:00:00+00:00,53032.73999999999,53058.23999999999,52975.23999999999,52998.23999999999,9819
2026-07-16T11:00:00+00:00,52998.23999999999,53036.73999999999,52869.73999999999,52990.23999999999,13253
2026-07-16T12:00:00+00:00,52990.23999999999,53011.73999999999,52889.23999999999,52914.73999999999,15817
2026-07-16T13:00:00+00:00,52914.73999999999,53094.09,52860.09,52876.09,57808
2026-07-16T14:00:00+00:00,52876.09,53074.59,52866.59,53061.59,51531
2026-07-16T15:00:00+00:00,53061.59,53116.09,52996.09,53019.09,33525
2026-07-16T16:00:00+00:00,53019.09,53025.09,52834.09,52967.09,34783
2026-07-16T17:00:00+00:00,52967.09,52985.59,52779.09,52788.09,26076
2026-07-16T18:00:00+00:00,52788.09,52794.09,52696.09,52723.09,26751
2026-07-16T19:00:00+00:00,52723.09,52804.09,52620.09,52795.09,33927
2026-07-16T20:00:00+00:00,52795.09,52795.09,52735.23999999999,52753.98999999999,7750
2026-07-16T22:00:00+00:00,52753.98999999999,52796.73999999999,52737.73999999999,52746.73999999999,3761
2026-07-16T23:00:00+00:00,52746.73999999999,52749.23999999999,52701.73999999999,52712.73999999999,3214
2026-07-17T00:00:00+00:00,52712.73999999999,52723.73999999999,52614.73999999999,52632.23999999999,10508
2026-07-17T01:00:00+00:00,52632.23999999999,52639.73999999999,52520.23999999999,52531.73999999999,9779
2026-07-17T02:00:00+00:00,52531.73999999999,52545.73999999999,52485.23999999999,52509.73999999999,5817
2026-07-17T03:00:00+00:00,52509.73999999999,52552.73999999999,52464.73999999999,52465.73999999999,5626
2026-07-17T04:00:00+00:00,52465.73999999999,52470.73999999999,52378.73999999999,52405.73999999999,8473
2026-07-17T05:00:00+00:00,52405.73999999999,52413.73999999999,52341.23999999999,52407.73999999999,8671
2026-07-17T06:00:00+00:00,52407.73999999999,52507.73999999999,52407.73999999999,52463.73999999999,9985
2026-07-17T07:00:00+00:00,52463.73999999999,52553.73999999999,52448.23999999999,52534.23999999999,13845
2026-07-17T08:00:00+00:00,52534.23999999999,52582.23999999999,52414.73999999999,52438.23999999999,20352
2026-07-17T09:00:00+00:00,52438.23999999999,52470.23999999999,52387.73999999999,52448.23999999999,12773
2026-07-17T10:00:00+00:00,52448.23999999999,52592.73999999999,52428.23999999999,52534.23999999999,11478
2026-07-17T11:00:00+00:00,52534.23999999999,52558.23999999999,52460.23999999999,52524.23999999999,13548
2026-07-17T12:00:00+00:00,52524.23999999999,52533.73999999999,52374.23999999999,52387.73999999999,14262
2026-07-17T13:00:00+00:00,52387.73999999999,52750.09,52195.59,52723.98999999999,79994
2026-07-17T14:00:00+00:00,52723.98999999999,52851.09,52697.09,52748.09,70328
2026-07-17T15:00:00+00:00,52748.09,52789.09,52632.59,52766.09,53647
2026-07-17T16:00:00+00:00,52766.09,52773.59,52586.09,52602.59,43366
2026-07-17T17:00:00+00:00,52602.59,52639.09,52485.09,52496.09,32088
2026-07-17T18:00:00+00:00,52496.09,52523.09,52407.09,52459.59,36613
2026-07-17T19:00:00+00:00,52459.59,52469.09,52352.09,52392.59,44316
2026-07-17T20:00:00+00:00,52392.59,52393.73999999999,52118.09,52172.34,10885
2026-07-19T22:00:00+00:00,52172.34,52178.29,52048.54,52152.29,10174
2026-07-19T23:00:00+00:00,52152.29,52168.79,52120.79,52164.79,7377
2026-07-20T00:00:00+00:00,52164.79,52215.29,52144.79,52181.29,12653
2026-07-20T01:00:00+00:00,52181.29,52210.29,52093.79,52111.79,11437
2026-07-20T02:00:00+00:00,52111.79,52169.79,52100.29,52153.29,9402
2026-07-20T03:00:00+00:00,52153.29,52177.29,52123.29,52155.29,6400
2026-07-20T04:00:00+00:00,52155.29,52214.29,52123.79,52191.29,5854
2026-07-20T05:00:00+00:00,52191.29,52197.79,52119.79,52125.29,6620
2026-07-20T06:00:00+00:00,52125.29,52141.29,52080.29,52107.29,7267
2026-07-20T07:00:00+00:00,52107.29,52281.29,52107.29,52240.79,13923
2026-07-20T08:00:00+00:00,52240.79,52294.79,52240.29,52270.79,9307
2026-07-20T09:00:00+00:00,52270.79,52350.79,52265.79,52328.29,6604
2026-07-20T10:00:00+00:00,52328.29,52334.79,52254.79,52292.79,6449
2026-07-20T11:00:00+00:00,52292.79,52431.79,52283.29,52389.79,16548
2026-07-20T12:00:00+00:00,52389.79,52391.29,52240.29,52255.79,16853
2026-07-20T13:00:00+00:00,52255.79,52443.64,52132.14,52132.14,49696
2026-07-20T14:00:00+00:00,52132.14,52187.14,51981.14,52010.64,48912
2026-07-20T15:00:00+00:00,52010.64,52100.64,51949.14,52042.64,34866
2026-07-20T16:00:00+00:00,52042.64,52115.64,51971.64,52009.14,27238
2026-07-20T17:00:00+00:00,52009.14,52029.14,51929.64,51992.14,22451
2026-07-20T18:00:00+00:00,51992.14,52051.64,51837.64,51874.64,26710
2026-07-20T19:00:00+00:00,51874.64,51933.64,51810.64,51890.64,32572
2026-07-20T20:00:00+00:00,51890.64,51925.04,51856.79,51925.04,7170
2026-07-20T22:00:00+00:00,51925.04,51925.04,51866.29,51870.79,3304
2026-07-20T23:00:00+00:00,51870.79,51936.79,51868.79,51912.29,3893
2026-07-21T00:00:00+00:00,51912.29,51932.79,51852.29,51921.79,12835
2026-07-21T01:00:00+00:00,51921.79,51957.29,51894.29,51905.79,7080
2026-07-21T02:00:00+00:00,51905.79,51952.29,51890.79,51950.79,4659
2026-07-21T03:00:00+00:00,51950.79,52017.79,51950.79,52017.79,2606
2026-07-21T04:00:00+00:00,52017.79,52058.29,52017.79,52051.79,3124
2026-07-21T05:00:00+00:00,52051.79,52083.29,52020.79,52065.79,3100
2026-07-21T06:00:00+00:00,52065.79,52090.29,52027.29,52064.79,5195
2026-07-21T07:00:00+00:00,52064.79,52125.29,52003.79,52047.79,8712
2026-07-21T08:00:00+00:00,52047.79,52101.79,52015.29,52074.79,8673
2026-07-21T09:00:00+00:00,52074.79,52103.29,52031.79,52039.79,6148
2026-07-21T10:00:00+00:00,52039.79,52139.79,52031.79,52117.79,10606
2026-07-21T11:00:00+00:00,52117.79,52119.79,52002.29,52014.79,7853
2026-07-21T12:00:00+00:00,52014.79,52040.29,51932.79,52019.29,11957
2026-07-21T13:00:00+00:00,52019.29,52114.64,51906.14,52034.14,54719
2026-07-21T14:00:00+00:00,52034.14,52227.64,52030.64,52137.64,43689
2026-07-21T15:00:00+00:00,52137.64,52272.64,52108.64,52247.64,22037
2026-07-21T16:00:00+00:00,52247.64,52407.64,52246.64,52384.64,12743
2026-07-21T17:00:00+00:00,52384.64,52393.64,52275.64,52284.64,11205
2026-07-21T18:00:00+00:00,52284.64,52290.64,52228.64,52246.64,11067
2026-07-21T19:00:00+00:00,52246.64,52273.14,52229.64,52259.64,15551
2026-07-21T20:00:00+00:00,52259.64,52266.29,52226.29,52231.04,2972
2026-07-21T22:00:00+00:00,52231.04,52265.29,52231.04,52252.29,3007
2026-07-21T23:00:00+00:00,52252.29,52260.29,52238.79,52251.29,2352
2026-07-22T00:00:00+00:00,52251.29,52262.79,52231.29,52248.29,9431
2026-07-22T01:00:00+00:00,52248.29,52258.29,52201.29,52247.79,5158
2026-07-22T02:00:00+00:00,52247.79,52262.29,52219.29,52258.29,5185
2026-07-22T03:00:00+00:00,52258.29,52269.29,52208.29,52215.29,4457
2026-07-22T04:00:00+00:00,52215.29,52231.79,52209.79,52224.29,2959
2026-07-22T05:00:00+00:00,52224.29,52242.29,52210.79,52240.29,5317
2026-07-22T06:00:00+00:00,52240.29,52255.29,52134.79,52146.29,8606
2026-07-22T07:00:00+00:00,52146.29,52198.29,52092.29,52134.29,15766
2026-07-22T08:00:00+00:00,52134.29,52260.79,52134.29,52232.79,16087
2026-07-22T09:00:00+00:00,52232.79,52270.29,52189.29,52229.29,11338
2026-07-22T10:00:00+00:00,52229.29,52303.29,52214.29,52242.29,13070
2026-07-22T11:00:00+00:00,52242.29,52246.29,52107.29,52129.29,12147
2026-07-22T12:00:00+00:00,52129.29,52224.29,52095.29,52165.79,11036
2026-07-22T13:00:00+00:00,52165.79,52517.64,52162.29,52471.64,45149
2026-07-22T14:00:00+00:00,52471.64,52546.64,52297.64,52317.14,45962
2026-07-22T15:00:00+00:00,52317.14,52445.64,52300.64,52445.64,22689
2026-07-22T16:00:00+00:00,52445.64,52478.64,52420.64,52435.64,13762
2026-07-22T17:00:00+00:00,52435.64,52438.64,52321.14,52344.64,15721
2026-07-22T18:00:00+00:00,52344.64,52352.64,52299.64,52320.14,13606
2026-07-22T19:00:00+00:00,52320.14,52322.64,52240.64,52253.14,16313
2026-07-22T20:00:00+00:00,52253.14,52369.29,52245.54,52300.04,8361
2026-07-22T22:00:00+00:00,52300.04,52300.04,52188.29,52223.29,4759
2026-07-22T23:00:00+00:00,52223.29,52261.29,52204.79,52260.79,2727
2026-07-23T00:00:00+00:00,52260.79,52337.29,52239.29,52328.79,7846
2026-07-23T01:00:00+00:00,52328.79,52351.29,52300.29,52310.79,6111
2026-07-23T02:00:00+00:00,52310.79,52324.29,52266.79,52286.79,5402
2026-07-23T03:00:00+00:00,52286.79,52289.29,52211.79,52226.29,5189
2026-07-23T04:00:00+00:00,52226.29,52250.29,52186.79,52213.79,4611
2026-07-23T05:00:00+00:00,52213.79,52254.29,52172.29,52174.29,5758
2026-07-23T06:00:00+00:00,52174.29,52207.29,52135.29,52137.79,6163
2026-07-23T07:00:00+00:00,52137.79,52140.79,51968.79,52039.79,19526
2026-07-23T08:00:00+00:00,52039.79,52131.79,52008.79,52129.79,12755
2026-07-23T09:00:00+00:00,52129.79,52167.79,52048.29,52062.29,10164
2026-07-23T10:00:00+00:00,52062.29,52156.79,52038.79,52133.79,10500
2026-07-23T11:00:00+00:00,52133.79,52150.29,51932.79,51986.79,15929
2026-07-23T12:00:00+00:00,51986.79,51987.79,51711.79,51729.79,25276
2026-07-23T13:00:00+00:00,51729.79,51920.64,51576.14,51713.64,76489
2026-07-23T14:00:00+00:00,51713.64,51804.64,51653.64,51762.64,90957
2026-07-23T15:00:00+00:00,51762.64,51778.64,51567.64,51731.14,56445
2026-07-23T16:00:00+00:00,51731.14,51853.64,51703.64,51775.64,32623
2026-07-23T17:00:00+00:00,51775.64,51794.64,51626.14,51626.64,39319
2026-07-23T18:00:00+00:00,51626.64,51719.64,51612.14,51694.64,29405
2026-07-23T19:00:00+00:00,51694.64,51759.64,51623.64,51725.14,34986
2026-07-23T20:00:00+00:00,51725.14,51758.29,51702.79,51756.54,7879
2026-07-23T22:00:00+00:00,51756.54,51759.82,51710.82,51732.32,5939
2026-07-23T23:00:00+00:00,51732.32,51735.32,51694.32,51724.32,4726
2026-07-24T00:00:00+00:00,51724.32,51804.82,51713.32,51788.32,13979
2026-07-24T01:00:00+00:00,51788.32,51816.32,51769.82,51792.32,8475
2026-07-24T02:00:00+00:00,51792.32,51806.82,51747.82,51755.32,6001
2026-07-24T03:00:00+00:00,51755.32,51766.82,51723.32,51739.32,5877
2026-07-24T04:00:00+00:00,51739.32,51759.32,51719.32,51753.82,5592
2026-07-24T05:00:00+00:00,51753.82,51802.32,51749.82,51772.32,6701
2026-07-24T06:00:00+00:00,51772.32,51806.32,51743.82,51790.82,8792
2026-07-24T07:00:00+00:00,51790.82,51955.82,51783.32,51914.32,13230
2026-07-24T08:00:00+00:00,51914.32,51976.82,51883.32,51946.82,13993
2026-07-24T09:00:00+00:00,51946.82,52023.82,51942.32,52019.82,9977
2026-07-24T10:00:00+00:00,52019.82,52035.82,51987.82,51992.32,7265
2026-07-24T11:00:00+00:00,51992.32,52021.32,51893.82,51961.32,14079
2026-07-24T12:00:00+00:00,51961.32,51966.32,51851.82,51861.82,15272
2026-07-24T13:00:00+00:00,51861.82,51921.67,51746.17,51826.17,56965
2026-07-24T14:00:00+00:00,51826.17,51932.17,51716.17,51902.17,72396
2026-07-24T15:00:00+00:00,51902.17,52145.17,51866.17,52111.17,59956
2026-07-24T16:00:00+00:00,52111.17,52153.17,51981.17,52024.17,31650
2026-07-24T17:00:00+00:00,52024.17,52061.17,51944.17,52008.67,32633
2026-07-24T18:00:00+00:00,52008.67,52039.17,51853.17,51920.17,34028
2026-07-24T19:00:00+00:00,51920.17,51982.17,51880.17,51968.17,37547
2026-07-24T20:00:00+00:00,51968.17,51982.32,51890.43,51917.68,8751
2026-07-26T22:00:00+00:00,51917.68,52309.41,51917.68,52179.91,5447
2026-07-26T23:00:00+00:00,52179.91,52296.41,52179.91,52288.41,5123
2026-07-27T00:00:00+00:00,52288.41,52317.91,52204.41,52206.41,14176
2026-07-27T01:00:00+00:00,52206.41,52247.41,52174.91,52245.91,10095
2026-07-27T02:00:00+00:00,52245.91,52260.41,52221.91,52241.91,6333
2026-07-27T03:00:00+00:00,52241.91,52272.41,52240.91,52260.41,4047
2026-07-27T04:00:00+00:00,52260.41,52312.91,52257.91,52301.41,4270
2026-07-27T05:00:00+00:00,52301.41,52368.41,52297.91,52357.41,4263
2026-07-27T06:00:00+00:00,52357.41,52394.91,52354.91,52369.41,7351
2026-07-27T07:00:00+00:00,52369.41,52435.91,52351.41,52352.41,11415
2026-07-27T08:00:00+00:00,52352.41,52465.41,52341.91,52462.41,12376
2026-07-27T09:00:00+00:00,52462.41,52513.91,52440.41,52506.41,7469
2026-07-27T10:00:00+00:00,52506.41,52552.41,52470.91,52536.41,6031
2026-07-27T11:00:00+00:00,52536.41,52554.91,52492.41,52535.41,10380
2026-07-27T12:00:00+00:00,52535.41,52585.41,52486.91,52581.91,14416
2026-07-27T13:00:00+00:00,52581.91,52627.26,52416.26,52416.26,56916
2026-07-27T14:00:00+00:00,52416.26,52490.26,52131.26,52250.76,83011
2026-07-27T15:00:00+00:00,52250.76,52294.26,52023.76,52060.26,61200
2026-07-27T16:00:00+00:00,52060.26,52230.26,52034.26,52084.76,54215
2026-07-27T17:00:00+00:00,52084.76,52132.76,52010.26,52126.26,36159
2026-07-27T18:00:00+00:00,52126.26,52205.26,52078.26,52200.76,35846
2026-07-27T19:00:00+00:00,52200.76,52243.26,52152.26,52218.76,28710
2026-07-27T20:00:00+00:00,52218.76,52268.66,52190.41,52268.66,5920
2026-07-27T22:00:00+00:00,52268.66,52283.07000000001,52240.07000000001,52243.07000000001,3933
2026-07-27T23:00:00+00:00,52243.07000000001,52261.57000000001,52217.07000000001,52249.07000000001,5258
2026-07-28T00:00:00+00:00,52249.07000000001,52258.57000000001,52151.57000000001,52182.07000000001,16955
2026-07-28T01:00:00+00:00,52182.07000000001,52233.57000000001,52135.07000000001,52194.57000000001,13028
2026-07-28T02:00:00+00:00,52194.57000000001,52206.07000000001,52164.57000000001,52181.07000000001,8849
2026-07-28T03:00:00+00:00,52181.07000000001,52267.57000000001,52164.07000000001,52259.57000000001,10659
2026-07-28T04:00:00+00:00,52259.57000000001,52261.57000000001,52200.07000000001,52204.57000000001,7796
2026-07-28T05:00:00+00:00,52204.57000000001,52243.57000000001,52200.57000000001,52220.57000000001,8815
2026-07-28T06:00:00+00:00,52220.57000000001,52286.07000000001,52216.57000000001,52275.07000000001,11228
2026-07-28T07:00:00+00:00,52275.07000000001,52339.57000000001,52264.57000000001,52284.57000000001,14067
2026-07-28T08:00:00+00:00,52284.57000000001,52382.57000000001,52256.57000000001,52333.07000000001,17237
2026-07-28T09:00:00+00:00,52333.07000000001,52415.07000000001,52324.07000000001,52369.07000000001,8943
2026-07-28T10:00:00+00:00,52369.07000000001,52414.57000000001,52327.57000000001,52411.57000000001,11579
2026-07-28T11:00:00+00:00,52411.57000000001,52619.57000000001,52399.07000000001,52615.07000000001,23289
2026-07-28T12:00:00+00:00,52615.07000000001,52751.57000000001,52605.07000000001,52734.07000000001,18729
2026-07-28T13:00:00+00:00,52734.07000000001,52748.57000000001,52462.420000000006,52579.920000000006,62165
2026-07-28T14:00:00+00:00,52579.920000000006,52710.420000000006,52564.920000000006,52606.420000000006,70376
2026-07-28T15:00:00+00:00,52606.420000000006,52922.420000000006,52569.920000000006,52910.420000000006,51666
2026-07-28T16:00:00+00:00,52910.420000000006,52930.420000000006,52864.420000000006,52925.920000000006,27100
2026-07-28T17:00:00+00:00,52925.920000000006,52951.420000000006,52825.420000000006,52846.420000000006,30619
2026-07-28T18:00:00+00:00,52846.420000000006,52866.920000000006,52784.420000000006,52846.420000000006,28615
2026-07-28T19:00:00+00:00,52846.420000000006,52863.420000000006,52775.420000000006,52795.420000000006,28358
2026-07-28T20:00:00+00:00,52795.420000000006,52819.57000000001,52751.07000000001,52754.32000000001,11709
2026-07-28T22:00:00+00:00,52754.32000000001,52798.18,52677.68,52738.18,12744
2026-07-28T23:00:00+00:00,52738.18,52850.68,52713.68,52816.68,13554
2026-07-29T00:00:00+00:00,52816.68,52880.68,52803.18,52853.18,11944
2026-07-29T01:00:00+00:00,52853.18,52859.68,52744.68,52748.68,11938
2026-07-29T02:00:00+00:00,52748.68,52779.18,52733.68,52773.18,9506
2026-07-29T03:00:00+00:00,52773.18,52777.18,52667.68,52676.68,7225
2026-07-29T04:00:00+00:00,52676.68,52712.18,52658.68,52711.68,8695
2026-07-29T05:00:00+00:00,52711.68,52762.68,52709.18,52738.18,8465
2026-07-29T06:00:00+00:00,52738.18,52805.68,52722.18,52800.68,8453
2026-07-29T07:00:00+00:00,52800.68,52858.18,52776.18,52844.18,11680
2026-07-29T08:00:00+00:00,52844.18,52873.68,52781.18,52841.18,12104
2026-07-29T09:00:00+00:00,52841.18,52843.18,52689.68,52742.68,10756
2026-07-29T10:00:00+00:00,52742.68,52744.68,52637.18,52659.68,10970
2026-07-29T11:00:00+00:00,52659.68,52668.18,52598.68,52612.18,9519
2026-07-29T12:00:00+00:00,52612.18,52612.18,52395.68,52433.68,20960
2026-07-29T13:00:00+00:00,52433.68,52436.18,52140.530000000006,52153.530000000006,59760
2026-07-29T14:00:00+00:00,52153.530000000006,52164.530000000006,51894.030000000006,51921.530000000006,79295
2026-07-29T15:00:00+00:00,51921.530000000006,51979.530000000006,51868.030000000006,51905.030000000006,49188
2026-07-29T16:00:00+00:00,51905.030000000006,51964.530000000006,51807.530000000006,51964.530000000006,43181
2026-07-29T17:00:00+00:00,51964.530000000006,52082.530000000006,51959.030000000006,51998.030000000006,42477
2026-07-29T18:00:00+00:00,51998.030000000006,52278.030000000006,51873.030000000006,52220.530000000006,98151
2026-07-29T19:00:00+00:00,52220.530000000006,52261.030000000006,51551.030000000006,51608.530000000006,109185
2026-07-29T20:00:00+00:00,51608.530000000006,51674.68,51479.68,51580.93,32074
2026-07-29T22:00:00+00:00,51580.93,51829.490000000005,51580.93,51765.990000000005,13544
2026-07-29T23:00:00+00:00,51765.990000000005,51798.990000000005,51755.490000000005,51785.490000000005,11017
2026-07-30T00:00:00+00:00,51785.490000000005,51817.490000000005,51717.490000000005,51751.490000000005,27951
2026-07-30T01:00:00+00:00,51751.490000000005,51793.490000000005,51720.990000000005,51776.490000000005,14149
2026-07-30T02:00:00+00:00,51776.490000000005,51798.990000000005,51723.490000000005,51723.990000000005,10258
2026-07-30T03:00:00+00:00,51723.990000000005,51759.490000000005,51677.990000000005,51699.990000000005,16145
2026-07-30T04:00:00+00:00,51699.990000000005,51726.990000000005,51664.990000000005,51674.490000000005,12126
2026-07-30T05:00:00+00:00,51674.490000000005,51718.490000000005,51645.990000000005,51672.990000000005,17890
2026-07-30T06:00:00+00:00,51672.990000000005,51674.990000000005,51600.990000000005,51672.490000000005,16074
2026-07-30T07:00:00+00:00,51672.490000000005,51795.990000000005,51621.490000000005,51669.990000000005,29206
2026-07-30T08:00:00+00:00,51669.990000000005,51814.490000000005,51643.490000000005,51770.490000000005,21102
2026-07-30T09:00:00+00:00,51770.490000000005,51840.490000000005,51720.990000000005,51724.490000000005,17957
2026-07-30T10:00:00+00:00,51724.490000000005,51835.990000000005,51714.490000000005,51767.490000000005,19906
2026-07-30T11:00:00+00:00,51767.490000000005,51929.990000000005,51767.490000000005,51894.490000000005,17166
2026-07-30T12:00:00+00:00,51894.490000000005,51922.490000000005,51801.490000000005,51850.490000000005,26644
2026-07-30T13:00:00+00:00,51850.490000000005,52013.840000000004,51760.840000000004,51975.340000000004,65493
2026-07-30T14:00:00+00:00,51975.340000000004,52001.840000000004,51770.840000000004,51811.840000000004,69970
2026-07-30T15:00:00+00:00,51811.840000000004,51985.840000000004,51682.840000000004,51964.840000000004,64928
2026-07-30T16:00:00+00:00,51964.840000000004,52147.840000000004,51944.840000000004,52118.840000000004,39215
2026-07-30T17:00:00+00:00,52118.840000000004,52204.340000000004,52118.840000000004,52145.840000000004,31004
2026-07-30T18:00:00+00:00,52145.840000000004,52233.840000000004,52145.840000000004,52229.840000000004,22249
2026-07-30T19:00:00+00:00,52229.840000000004,52298.340000000004,52212.340000000004,52254.840000000004,31491
2026-07-30T20:00:00+00:00,52254.840000000004,52363.990000000005,52246.990000000005,52305.740000000005,18251
2026-07-30T22:00:00+00:00,52305.740000000005,52364.23,52267.48,52361.73,6691
2026-07-30T23:00:00+00:00,52361.73,52385.23,52347.23,52364.73,4299
2026-07-31T00:00:00+00:00,52364.73,52436.73,52345.73,52413.23,10576
2026-07-31T01:00:00+00:00,52413.23,52472.23,52411.73,52459.23,6386
2026-07-31T02:00:00+00:00,52459.23,52477.23,52423.23,52438.73,4652
2026-07-31T03:00:00+00:00,52438.73,52464.73,52412.23,52455.73,6097
2026-07-31T04:00:00+00:00,52455.73,52517.23,52437.23,52513.23,3331
2026-07-31T05:00:00+00:00,52513.23,52523.73,52491.23,52498.23,3081
2026-07-31T06:00:00+00:00,52498.23,52512.73,52435.23,52477.73,6538
2026-07-31T07:00:00+00:00,52477.73,52576.23,52453.73,52543.73,11282
2026-07-31T08:00:00+00:00,52543.73,52581.23,52521.73,52546.73,11554
2026-07-31T09:00:00+00:00,52546.73,52578.23,52501.73,52523.73,9256
2026-07-31T10:00:00+00:00,52523.73,52625.23,52503.73,52609.23,9366
2026-07-31T11:00:00+00:00,52609.23,52611.23,52481.23,52546.73,12576
2026-07-31T12:00:00+00:00,52546.73,52548.73,52413.73,52435.73,15753
2026-07-31T13:00:00+00:00,52435.73,52536.23,52224.58,52229.58,56338
2026-07-31T14:00:00+00:00,52229.58,52326.58,52007.58,52318.58,74254
2026-07-31T15:00:00+00:00,52318.58,52432.58,52242.58,52421.08,58661
2026-07-31T16:00:00+00:00,52421.08,52497.58,52376.08,52460.58,35620
2026-07-31T17:00:00+00:00,52460.58,52560.58,52445.58,52500.58,25719
2026-07-31T18:00:00+00:00,52500.58,52575.58,52494.58,52547.58,20714
2026-07-31T19:00:00+00:00,52547.58,52656.08,52501.58,52515.08,29097
2026-07-31T20:00:00+00:00,52515.08,52570.23,52505.82,52507.57,7819
2026-08-02T22:00:00+00:00,52507.57,52761.01,52507.57,52682.51,6309
2026-08-02T23:00:00+00:00,52682.51,52728.01,52675.01,52705.51,4170
2026-08-03T00:00:00+00:00,52705.51,52741.01,52668.01,52732.01,8709
2026-08-03T01:00:00+00:00,52732.01,52779.01,52711.51,52760.01,4236
2026-08-03T02:00:00+00:00,52760.01,52781.51,52747.51,52778.01,2232
2026-08-03T03:00:00+00:00,52778.01,52810.01,52762.01,52795.01,1944
2026-08-03T04:00:00+00:00,52795.01,52829.51,52790.51,52812.51,1427
2026-08-03T05:00:00+00:00,52812.51,52825.51,52794.01,52803.51,1666
2026-08-03T06:00:00+00:00,52803.51,52832.51,52772.51,52781.51,3255
2026-08-03T07:00:00+00:00,52781.51,52848.01,52736.51,52842.01,10292
2026-08-03T08:00:00+00:00,52842.01,52882.01,52809.51,52882.01,8463
2026-08-03T09:00:00+00:00,52882.01,52895.01,52839.51,52865.01,5828
2026-08-03T10:00:00+00:00,52865.01,52968.01,52852.51,52948.01,5736
2026-08-03T11:00:00+00:00,52948.01,53096.01,52940.51,53061.01,9001
2026-08-03T12:00:00+00:00,53061.01,53209.51,53038.51,53194.01,11160
2026-08-03T13:00:00+00:00,53194.01,53221.01,53022.36,53160.26,38727
2026-08-03T14:00:00+00:00,53160.26,53268.36,53075.36,53092.36,43120
2026-08-03T15:00:00+00:00,53092.36,53115.36,53032.86,53063.36,26612
2026-08-03T16:00:00+00:00,53063.36,53073.36,52977.36,53005.36,18608
2026-08-03T17:00:00+00:00,53005.36,53138.36,52968.36,53120.36,15383
2026-08-03T18:00:00+00:00,53120.36,53202.36,53115.36,53170.36,16805
2026-08-03T19:00:00+00:00,53170.36,53266.36,53170.36,53224.36,20758
2026-08-03T20:00:00+00:00,53224.36,53303.01,53224.36,53283.76,4052
2026-08-03T22:00:00+00:00,53283.76,53331.34,53262.59,53318.84,2343.50155851516
2026-08-03T23:00:00+00:00,53318.84,53326.84,53291.34,53299.84,1147
2026-08-04T00:00:00+00:00,53299.84,53355.34,53288.34,53333.34,5263
2026-08-04T01:00:00+00:00,53333.34,53366.84,53328.34,53349.84,3288
2026-08-04T02:00:00+00:00,53349.84,53381.34,53337.84,53365.34,2929
2026-08-04T03:00:00+00:00,53365.34,53383.84,53354.84,53374.34,2823
2026-08-04T04:00:00+00:00,53374.34,53374.84,53349.34,53351.84,1332
2026-08-04T05:00:00+00:00,53351.84,53359.34,53326.34,53331.34,2185
2026-08-04T06:00:00+00:00,53331.34,53365.84,53309.34,53316.84,3134
2026-08-04T07:00:00+00:00,53316.84,53348.34,53289.34,53317.84,6040
2026-08-04T08:00:00+00:00,53317.84,53327.84,53229.84,53251.84,8259
2026-08-04T09:00:00+00:00,53251.84,53306.34,53240.84,53298.84,7029
2026-08-04T10:00:00+00:00,53298.84,53586.84,53208.34,53536.34,17273
2026-08-04T11:00:00+00:00,53536.34,53833.84,53485.84,53800.84,20114
2026-08-04T12:00:00+00:00,53800.84,53921.84,53788.34,53840.84,13162
2026-08-04T13:00:00+00:00,53840.84,54009.19,53697.69,53748.59,47274
2026-08-04T14:00:00+00:00,53748.59,54049.69,53738.69,54023.19,46486
2026-08-04T15:00:00+00:00,54023.19,54148.69,53975.69,54086.69,28296
2026-08-04T16:00:00+00:00,54086.69,54209.69,54081.69,54191.69,19409
2026-08-04T17:00:00+00:00,54191.69,54314.69,54184.69,54221.69,23430
2026-08-04T18:00:00+00:00,54221.69,54247.69,54177.19,54218.69,24963
2026-08-04T19:00:00+00:00,54218.69,54279.69,54130.69,54146.69,27165
2026-08-04T20:00:00+00:00,54146.69,54277.34,54146.69,54265.59,13289
2026-08-04T22:00:00+00:00,54265.59,54280.6,54238.1,54270.6,2609
2026-08-04T23:00:00+00:00,54270.6,54278.1,54239.1,54242.6,2265
2026-08-05T00:00:00+00:00,54242.6,54291.6,54238.6,54291.6,4174
2026-08-05T01:00:00+00:00,54291.6,54291.6,54252.6,54285.1,2876
2026-08-05T02:00:00+00:00,54285.1,54357.1,54280.6,54342.1,2911
2026-08-05T03:00:00+00:00,54342.1,54386.6,54330.6,54383.6,2466
2026-08-05T04:00:00+00:00,54383.6,54394.1,54352.6,54353.6,1860
2026-08-05T05:00:00+00:00,54353.6,54392.6,54343.1,54368.6,2102
2026-08-05T06:00:00+00:00,54368.6,54370.1,54305.1,54331.1,3977
2026-08-05T07:00:00+00:00,54331.1,54333.6,54251.1,54297.6,6640
2026-08-05T08:00:00+00:00,54297.6,54328.6,54255.6,54286.1,8035
2026-08-05T09:00:00+00:00,54286.1,54317.1,54274.6,54290.1,5146
2026-08-05T10:00:00+00:00,54290.1,54368.6,54282.6,54355.6,6207
2026-08-05T11:00:00+00:00,54355.6,54406.6,54333.1,54401.1,6023
2026-08-05T12:00:00+00:00,54401.1,54441.1,54358.1,54370.1,9675
2026-08-05T13:00:00+00:00,54370.1,54769.45,54346.1,54766.45,46658
2026-08-05T14:00:00+00:00,54766.45,54776.95,54636.95,54679.95,55630
2026-08-05T15:00:00+00:00,54679.95,54751.45,54527.45,54530.95,40564
2026-08-05T16:00:00+00:00,54530.95,54591.45,54511.45,54574.95,31532
2026-08-05T17:00:00+00:00,54574.95,54629.45,54538.45,54588.95,23899
2026-08-05T18:00:00+00:00,54588.95,54616.95,54514.95,54520.95,18657
2026-08-05T19:00:00+00:00,54520.95,54538.95,54377.45,54381.45,22144
2026-08-05T20:00:00+00:00,54381.45,54470.1,54374.6,54452.35,8044
2026-08-05T22:00:00+00:00,54452.35,54488.14,54445.14,54465.64,2943
2026-08-05T23:00:00+00:00,54465.64,54500.64,54465.64,54481.64,1892
2026-08-06T00:00:00+00:00,54481.64,54494.64,54462.64,54489.14,5984
2026-08-06T01:00:00+00:00,54489.14,54495.14,54447.14,54482.14,4541
2026-08-06T02:00:00+00:00,54482.14,54523.64,54474.14,54497.64,3919
2026-08-06T03:00:00+00:00,54497.64,54519.14,54489.14,54508.14,2940
2026-08-06T04:00:00+00:00,54508.14,54518.64,54501.14,54514.14,2333
2026-08-06T05:00:00+00:00,54514.14,54533.64,54499.14,54532.64,3006
2026-08-06T06:00:00+00:00,54532.64,54534.14,54475.64,54527.64,5053
2026-08-06T07:00:00+00:00,54527.64,54559.64,54477.14,54530.64,6163
2026-08-06T08:00:00+00:00,54530.64,54565.64,54464.64,54564.64,6647
2026-08-06T09:00:00+00:00,54564.64,54576.14,54534.64,54567.14,4976
2026-08-06T10:00:00+00:00,54567.14,54568.14,54510.64,54540.14,3898
2026-08-06T11:00:00+00:00,54540.14,54549.14,54441.64,54482.14,8189
2026-08-06T12:00:00+00:00,54482.14,54532.64,54460.14,54492.64,9055
2026-08-06T13:00:00+00:00,54492.64,54556.49,54313.49,54337.49,45328
2026-08-06T14:00:00+00:00,54337.49,54384.49,54194.49,54212.49,43318
2026-08-06T15:00:00+00:00,54212.49,54228.49,53994.49,54022.49,35063
2026-08-06T16:00:00+00:00,54022.49,54070.49,53962.99,54048.49,27385
2026-08-06T17:00:00+00:00,54048.49,54053.99,53903.49,53961.49,21071
2026-08-06T18:00:00+00:00,53961.49,54003.49,53944.49,53951.49,17201
2026-08-06T19:00:00+00:00,53951.49,53994.49,53862.49,53918.49,23203
2026-08-06T20:00:00+00:00,53918.49,53938.64,53853.14,53881.89,6889
2026-08-06T22:00:00+00:00,53881.89,53935.37,53881.89,53894.87,1735
2026-08-06T23:00:00+00:00,53894.87,53914.37,53893.37,53905.87,1769.5621621621622
2026-08-07T00:00:00+00:00,53905.87,53910.87,53837.87,53861.37,8918
2026-08-07T01:00:00+00:00,53861.37,53875.87,53824.37,53832.87,7832
2026-08-07T02:00:00+00:00,53832.87,53835.87,53796.87,53811.87,3639
2026-08-07T03:00:00+00:00,53811.87,53823.37,53789.37,53804.87,2709
2026-08-07T04:00:00+00:00,53804.87,53815.37,53787.37,53813.37,3255
2026-08-07T05:00:00+00:00,53813.37,53835.87,53811.37,53817.37,2970
2026-08-07T06:00:00+00:00,53817.37,53878.87,53813.87,53873.87,3939
2026-08-07T07:00:00+00:00,53873.87,53904.87,53851.87,53861.37,5992
2026-08-07T08:00:00+00:00,53861.37,53893.87,53841.37,53891.37,6457
2026-08-07T09:00:00+00:00,53891.37,53931.87,53878.87,53925.37,4507
2026-08-07T10:00:00+00:00,53925.37,53966.37,53918.87,53952.37,3858
2026-08-07T11:00:00+00:00,53952.37,54001.37,53940.87,53957.37,5803
2026-08-07T12:00:00+00:00,53957.37,54107.37,53947.37,54068.37,20794
2026-08-07T13:00:00+00:00,54068.37,54070.37,53816.72,53979.72,47249
2026-08-07T14:00:00+00:00,53979.72,54105.22,53928.72,54062.22,48493
2026-08-07T15:00:00+00:00,54062.22,54062.22,53959.22,53966.22,25714
2026-08-07T16:00:00+00:00,53966.22,54013.72,53907.22,53966.22,23266
2026-08-07T17:00:00+00:00,53966.22,54019.22,53963.22,53991.72,14386
2026-08-07T18:00:00+00:00,53991.72,54001.22,53924.72,53978.72,13437
2026-08-07T19:00:00+00:00,53978.72,54101.22,53978.72,54058.72,21422
2026-08-07T20:00:00+00:00,54058.72,54074.87,54022.87,54026.62,4118
2026-08-09T22:00:00+00:00,54026.62,54037.51,53908.51,53939.51,4368
2026-08-09T23:00:00+00:00,53939.51,53953.51,53906.01,53906.51,1984
2026-08-10T00:00:00+00:00,53906.51,53962.01,53901.51,53958.51,6573
2026-08-10T01:00:00+00:00,53958.51,53989.51,53952.51,53971.01,4623
2026-08-10T02:00:00+00:00,53971.01,53999.51,53964.01,53987.01,2317
2026-08-10T03:00:00+00:00,53987.01,54010.01,53980.51,53996.51,1830
2026-08-10T04:00:00+00:00,53996.51,54039.01,53991.51,54034.51,2554.855132450331
2026-08-10T05:00:00+00:00,54034.51,54052.51,54031.01,54042.01,2043
2026-08-10T06:00:00+00:00,54042.01,54056.01,54007.51,54045.01,4054
2026-08-10T07:00:00+00:00,54045.01,54074.01,54006.51,54036.51,7083
2026-08-10T08:00:00+00:00,54036.51,54045.51,53999.01,54011.01,6669
2026-08-10T09:00:00+00:00,54011.01,54049.01,54006.01,54019.01,3898
2026-08-10T10:00:00+00:00,54019.01,54053.51,53984.01,53995.01,4958
2026-08-10T11:00:00+00:00,53995.01,54002.01,53953.01,53985.51,6632
2026-08-10T12:00:00+00:00,53985.51,54029.01,53921.01,53968.01,8252
2026-08-10T13:00:00+00:00,53968.01,54033.36,53869.86,53954.36,49042
2026-08-10T14:00:00+00:00,53954.36,54060.86,53894.26,54001.36,36142
2026-08-10T15:00:00+00:00,54001.36,54070.36,53967.36,54025.36,23619
2026-08-10T16:00:00+00:00,54025.36,54029.36,53855.26,53945.86,21150
2026-08-10T17:00:00+00:00,53945.86,53950.36,53886.36,53905.36,14072
2026-08-10T18:00:00+00:00,53905.36,53923.36,53860.36,53899.36,11383
2026-08-10T19:00:00+00:00,53899.36,53980.36,53869.86,53968.36,14818
2026-08-10T20:00:00+00:00,53968.36,53970.01,53920.51,53963.26,4999
2026-08-10T22:00:00+00:00,53963.26,53979.61,53913.61,53926.11,1959
2026-08-10T23:00:00+00:00,53926.11,53933.11,53903.11,53928.11,2501
2026-08-11T00:00:00+00:00,53928.11,53945.61,53912.11,53934.61,3339
2026-08-11T01:00:00+00:00,53934.61,53961.11,53925.11,53932.61,2364
2026-08-11T02:00:00+00:00,53932.61,53959.61,53931.11,53953.11,1190
2026-08-11T03:00:00+00:00,53953.11,53988.11,53951.61,53971.11,903
2026-08-11T04:00:00+00:00,53971.11,53989.61,53964.61,53970.61,916
2026-08-11T05:00:00+00:00,53970.61,53984.61,53940.11,53940.61,1466
2026-08-11T06:00:00+00:00,53940.61,53967.11,53854.11,53921.11,4897
2026-08-11T07:00:00+00:00,53921.11,53946.11,53885.61,53911.11,5835
2026-08-11T08:00:00+00:00,53911.11,53937.61,53874.61,53906.11,5917
2026-08-11T09:00:00+00:00,53906.11,53929.11,53880.11,53915.11,4464
2026-08-11T10:00:00+00:00,53915.11,53973.11,53896.11,53953.11,6128
2026-08-11T11:00:00+00:00,53953.11,54036.11,53939.61,54017.11,11605
2026-08-11T12:00:00+00:00,54017.11,54053.61,53972.61,54027.11,7209
2026-08-11T13:00:00+00:00,54027.11,54240.46,54009.96,54179.96,38684
2026-08-11T14:00:00+00:00,54179.96,54211.46,53960.96,53991.96,37947
2026-08-11T15:00:00+00:00,53991.96,54016.96,53913.46,53948.96,22599
2026-08-11T16:00:00+00:00,53948.96,53973.96,53887.46,53900.96,14437
2026-08-11T17:00:00+00:00,53900.96,53906.96,53862.96,53898.96,12300
2026-08-11T18:00:00+00:00,53898.96,53899.96,53813.96,53816.96,13655
2026-08-11T19:00:00+00:00,53816.96,53846.96,53759.46,53797.96,16989
2026-08-11T20:00:00+00:00,53797.96,53830.61,53785.61,53808.86,3574
2026-08-11T22:00:00+00:00,53808.86,53824.93,53794.93,53802.43,1370
2026-08-11T23:00:00+00:00,53802.43,53818.43,53796.93,53810.43,1092.259301014656
2026-08-12T00:00:00+00:00,53810.43,53812.43,53764.93,53778.43,5983
2026-08-12T01:00:00+00:00,53778.43,53783.93,53763.43,53769.93,3328
2026-08-12T02:00:00+00:00,53769.93,53800.43,53769.93,53798.93,1704
2026-08-12T03:00:00+00:00,53798.93,53803.43,53783.93,53796.93,1740.005544322201
2026-08-12T04:00:00+00:00,53796.93,53811.43,53788.93,53807.93,1054
2026-08-12T05:00:00+00:00,53807.93,53820.93,53795.43,53805.93,1491
2026-08-12T06:00:00+00:00,53805.93,53826.43,53780.43,53823.43,2848
2026-08-12T07:00:00+00:00,53823.43,53823.93,53790.93,53801.93,4609
2026-08-12T08:00:00+00:00,53801.93,53815.43,53771.93,53786.43,4536
2026-08-12T09:00:00+00:00,53786.43,53895.43,53784.43,53853.43,7427
2026-08-12T10:00:00+00:00,53853.43,53876.43,53788.93,53846.43,5818
2026-08-12T11:00:00+00:00,53846.43,53904.93,53824.93,53884.93,4637
2026-08-12T12:00:00+00:00,53884.93,54058.43,53852.18,53951.43,19225
2026-08-12T13:00:00+00:00,53951.43,53994.43,53794.28,53797.78,49956
2026-08-12T14:00:00+00:00,53797.78,53882.28,53752.78,53793.28,42038
2026-08-12T15:00:00+00:00,53793.28,53832.28,53752.28,53817.78,21714
2026-08-12T16:00:00+00:00,53817.78,53856.28,53809.28,53825.78,14051
2026-08-12T17:00:00+00:00,53825.78,53849.28,53793.28,53820.28,11325
2026-08-12T18:00:00+00:00,53820.28,53867.18,53808.18,53836.68,9605.561291727932
2026-08-12T19:00:00+00:00,53836.68,53868.68,53762.68,53775.68,14437
2026-08-12T20:00:00+00:00,53775.68,53854.83,53765.33,53774.58,7581
2026-08-12T22:00:00+00:00,53774.58,53809.33,53770.58,53795.82000000001,1938
2026-08-12T23:00:00+00:00,53795.82000000001,53818.32000000001,53790.82000000001,53792.82000000001,1679
2026-08-13T00:00:00+00:00,53792.82000000001,53800.82000000001,53743.32000000001,53760.82000000001,4668
2026-08-13T01:00:00+00:00,53760.82000000001,53762.32000000001,53718.32000000001,53741.82000000001,3136
2026-08-13T02:00:00+00:00,53741.82000000001,53761.32000000001,53735.82000000001,53751.32000000001,2113
2026-08-13T03:00:00+00:00,53751.32000000001,53768.32000000001,53740.82000000001,53762.32000000001,1381.2105734767024
2026-08-13T04:00:00+00:00,53762.32000000001,53783.32000000001,53754.82000000001,53774.32000000001,1382
2026-08-13T05:00:00+00:00,53774.32000000001,53793.82000000001,53772.82000000001,53787.32000000001,1605
2026-08-13T06:00:00+00:00,53787.32000000001,53826.32000000001,53786.32000000001,53821.82000000001,2387
2026-08-13T07:00:00+00:00,53821.82000000001,53856.82000000001,53805.82000000001,53838.82000000001,4177
2026-08-13T08:00:00+00:00,53838.82000000001,53901.82000000001,53820.82000000001,53895.82000000001,4573
2026-08-13T09:00:00+00:00,53895.82000000001,53936.32000000001,53891.82000000001,53902.32000000001,3509
2026-08-13T10:00:00+00:00,53902.32000000001,53936.82000000001,53884.82000000001,53903.32000000001,2753
2026-08-13T11:00:00+00:00,53903.32000000001,53959.32000000001,53894.32000000001,53923.32000000001,3466
2026-08-13T12:00:00+00:00,53923.32000000001,53973.32000000001,53889.82000000001,53972.82000000001,9250
2026-08-13T13:00:00+00:00,53972.82000000001,53999.170000000006,53850.670000000006,53913.170000000006,41690
2026-08-13T14:00:00+00:00,53913.170000000006,54063.670000000006,53819.170000000006,53854.670000000006,40073
2026-08-13T15:00:00+00:00,53854.670000000006,53882.670000000006,53630.170000000006,53674.670000000006,33102
2026-08-13T16:00:00+00:00,53674.670000000006,53753.170000000006,53671.170000000006,53737.670000000006,16485
2026-08-13T17:00:00+00:00,53737.670000000006,53779.670000000006,53722.670000000006,53758.170000000006,12200
2026-08-13T18:00:00+00:00,53758.170000000006,53834.670000000006,53758.170000000006,53789.670000000006,12237
2026-08-13T19:00:00+00:00,53789.670000000006,53868.670000000006,53788.670000000006,53851.670000000006,16247
2026-08-13T20:00:00+00:00,53851.670000000006,53883.32000000001,53834.82000000001,53878.07000000001,4197
2026-08-13T22:00:00+00:00,53878.07000000001,53890.86,53847.11,53861.36,1603.458683653442
2026-08-13T23:00:00+00:00,53861.36,53881.36,53858.350000000006,53867.86,1173.7107009181918
2026-08-14T00:00:00+00:00,53867.86,53880.36,53839.86,53876.86,2174
2026-08-14T01:00:00+00:00,53876.86,53905.86,53869.86,53901.86,2045
2026-08-14T02:00:00+00:00,53901.86,53914.86,53884.86,53889.86,1367
2026-08-14T03:00:00+00:00,53889.86,53908.86,53882.36,53884.86,914
2026-08-14T04:00:00+00:00,53884.86,53892.86,53878.36,53882.86,936.6429819452534
2026-08-14T05:00:00+00:00,53882.86,53885.86,53857.36,53857.86,1128.2355944566011
2026-08-14T06:00:00+00:00,53857.86,53860.36,53811.86,53813.86,1563
2026-08-14T07:00:00+00:00,53813.86,53821.36,53764.86,53792.86,3573
2026-08-14T08:00:00+00:00,53792.86,53796.86,53739.86,53778.86,4492
2026-08-14T09:00:00+00:00,53778.86,53796.86,53749.36,53787.36,3207
2026-08-14T10:00:00+00:00,53787.36,53803.86,53760.36,53774.86,2700
2026-08-14T11:00:00+00:00,53774.86,53792.36,53714.36,53763.36,3847
2026-08-14T12:00:00+00:00,53763.36,53793.36,53708.86,53781.36,6761
2026-08-14T13:00:00+00:00,53781.36,53872.71000000001,53673.21000000001,53845.71000000001,42754
2026-08-14T14:00:00+00:00,53845.71000000001,53858.71000000001,53715.21000000001,53733.21000000001,31965
2026-08-14T15:00:00+00:00,53733.21000000001,53776.71000000001,53672.21000000001,53678.21000000001,19316
2026-08-14T16:00:00+00:00,53678.21000000001,53737.71000000001,53660.71000000001,53669.21000000001,12316
2026-08-14T17:00:00+00:00,53669.21000000001,53728.71000000001,53668.21000000001,53718.11000000001,10705.427176849997
2026-08-14T18:00:00+00:00,53718.11000000001,53803.11000000001,53708.61000000001,53783.61000000001,9827
2026-08-14T19:00:00+00:00,53783.61000000001,53786.61000000001,53695.61000000001,53731.61000000001,13179
2026-08-14T20:00:00+00:00,53731.61000000001,53732.26,53691.76,53716.7,2554
2026-08-16T22:00:00+00:00,53716.7,53777.43,53716.7,53765.43,2388
2026-08-16T23:00:00+00:00,53765.43,53772.93,53753.43,53759.93,1247.5289386532093
2026-08-17T00:00:00+00:00,53759.93,53771.93,53715.93,53730.43,2520
2026-08-17T01:00:00+00:00,53730.43,53733.93,53674.43,53677.93,2836
2026-08-17T02:00:00+00:00,53677.93,53683.43,53664.43,53665.93,1688
2026-08-17T03:00:00+00:00,53665.93,53692.43,53664.43,53692.43,1391
2026-08-17T04:00:00+00:00,53692.43,53701.93,53682.43,53694.93,1235
2026-08-17T05:00:00+00:00,53694.93,53716.43,53688.43,53715.43,1247.5661971830987
2026-08-17T06:00:00+00:00,53715.43,53733.93,53697.93,53718.93,2381
2026-08-17T07:00:00+00:00,53718.93,53728.43,53670.43,53710.43,3985
2026-08-17T08:00:00+00:00,53710.43,53717.93,53634.93,53666.93,4502
2026-08-17T09:00:00+00:00,53666.93,53700.43,53651.93,53663.43,3259
2026-08-17T10:00:00+00:00,53663.43,53752.93,53647.43,53675.43,7614
2026-08-17T11:00:00+00:00,53675.43,53681.43,53626.93,53635.93,5023
2026-08-17T12:00:00+00:00,53635.93,53641.43,53548.93,53567.93,9625
2026-08-17T13:00:00+00:00,53567.93,53663.28,53510.93,53571.78,38520
2026-08-17T14:00:00+00:00,53571.78,53662.28,53501.28,53521.28,31939
2026-08-17T15:00:00+00:00,53521.28,53590.28,53501.28,53528.28,19507
2026-08-17T16:00:00+00:00,53528.28,53628.28,53515.28,53519.28,12581
2026-08-17T17:00:00+00:00,53519.28,53559.28,53409.28,53451.28,17064
2026-08-17T18:00:00+00:00,53451.28,53515.28,53442.78,53482.28,13448
2026-08-17T19:00:00+00:00,53482.28,53525.28,53455.28,53487.28,16077
2026-08-17T20:00:00+00:00,53487.28,53487.28,53447.93,53456.18,4161
2026-08-17T22:00:00+00:00,53456.18,53474.31,53437.81,53456.81,1902
2026-08-17T23:00:00+00:00,53456.81,53486.31,53448.81,53483.31,2181
2026-08-18T00:00:00+00:00,53483.31,53495.31,53454.31,53466.31,2844
2026-08-18T01:00:00+00:00,53466.31,53505.81,53462.81,53505.81,3540
2026-08-18T02:00:00+00:00,53505.81,53507.31,53451.31,53476.31,5000
2026-08-18T03:00:00+00:00,53476.31,53481.81,53431.31,53435.81,3200
2026-08-18T04:00:00+00:00,53435.81,53438.31,53406.31,53418.31,2906
2026-08-18T05:00:00+00:00,53418.31,53431.31,53390.81,53415.81,3135
2026-08-18T06:00:00+00:00,53415.81,53477.31,53375.31,53474.81,6253
2026-08-18T07:00:00+00:00,53474.81,53475.81,53342.31,53346.81,8776
2026-08-18T08:00:00+00:00,53346.81,53445.81,53334.81,53444.81,11157
2026-08-18T09:00:00+00:00,53444.81,53468.31,53422.81,53467.31,8643
2026-08-18T10:00:00+00:00,53467.31,53536.31,53465.81,53482.31,7414
2026-08-18T11:00:00+00:00,53482.31,53502.31,53432.31,53442.81,5827
2026-08-18T12:00:00+00:00,53442.81,53482.31,53398.81,53456.31,9855
2026-08-18T13:00:00+00:00,53456.31,53468.66,53261.66,53421.66,49536
2026-08-18T14:00:00+00:00,53421.66,53491.66,53381.66,53433.66,45553
2026-08-18T15:00:00+00:00,53433.66,53467.66,53315.66,53356.16,28591
2026-08-18T16:00:00+00:00,53356.16,53423.66,53351.66,53382.66,15971
2026-08-18T17:00:00+00:00,53382.66,53413.16,53344.66,53344.66,12224
2026-08-18T18:00:00+00:00,53344.66,53429.66,53338.66,53379.66,12547
2026-08-18T19:00:00+00:00,53379.66,53426.66,53333.16,53356.66,15423
2026-08-18T20:00:00+00:00,53356.66,53371.81,53339.31,53356.06,4024
2026-08-18T22:00:00+00:00,53356.06,53364.62,53337.12,53340.12,2401
2026-08-18T23:00:00+00:00,53340.12,53358.62,53335.12,53345.62,3125
2026-08-19T00:00:00+00:00,53345.62,53354.62,53309.12,53326.62,7384
2026-08-19T01:00:00+00:00,53326.62,53336.12,53303.12,53304.12,6003
2026-08-19T02:00:00+00:00,53304.12,53323.62,53294.12,53315.62,4263
2026-08-19T03:00:00+00:00,53315.62,53317.62,53295.62,53297.62,3059
2026-08-19T04:00:00+00:00,53297.62,53312.62,53282.12,53302.12,3179
2026-08-19T05:00:00+00:00,53302.12,53321.12,53286.62,53297.12,4280
2026-08-19T06:00:00+00:00,53297.12,53398.12,53282.12,53395.12,6884
2026-08-19T07:00:00+00:00,53395.12,53413.12,53362.12,53400.12,7791
2026-08-19T08:00:00+00:00,53400.12,53402.12,53333.12,53346.12,7439
2026-08-19T09:00:00+00:00,53346.12,53362.12,53316.62,53354.62,7133
2026-08-19T10:00:00+00:00,53354.62,53372.12,53334.62,53365.12,5332
2026-08-19T11:00:00+00:00,53365.12,53422.12,53365.12,53420.62,5625
2026-08-19T12:00:00+00:00,53420.62,53684.12,53386.62,53627.12,22237
2026-08-19T13:00:00+00:00,53627.12,53647.97,53408.97,53602.47,56082
2026-08-19T14:00:00+00:00,53602.47,53705.47,53569.47,53695.97,54665
2026-08-19T15:00:00+00:00,53695.97,53725.97,53494.47,53509.97,32729
2026-08-19T16:00:00+00:00,53509.97,53598.97,53427.97,53436.97,23110
2026-08-19T17:00:00+00:00,53436.97,53489.97,53429.47,53460.87,19908
2026-08-19T18:00:00+00:00,53460.87,53516.47,53444.47,53452.97,22684
2026-08-19T19:00:00+00:00,53452.97,53537.97,53433.97,53489.97,22308
2026-08-19T20:00:00+00:00,53489.97,53500.12,53464.62,53475.87,6156
2026-08-19T22:00:00+00:00,53475.87,53525.78,53469.53,53514.78,3983
2026-08-19T23:00:00+00:00,53514.78,53524.28,53501.78,53508.28,2326
2026-08-20T00:00:00+00:00,53508.28,53512.28,53480.78,53494.28,4434
2026-08-20T01:00:00+00:00,53494.28,53506.78,53470.28,53478.28,4349
2026-08-20T02:00:00+00:00,53478.28,53501.28,53473.78,53486.78,2759
2026-08-20T03:00:00+00:00,53486.78,53507.78,53485.28,53500.78,2329
2026-08-20T04:00:00+00:00,53500.78,53512.78,53489.78,53504.78,1486
2026-08-20T05:00:00+00:00,53504.78,53504.78,53462.28,53473.28,2065
2026-08-20T06:00:00+00:00,53473.28,53533.78,53472.28,53505.28,3728
2026-08-20T07:00:00+00:00,53505.28,53505.28,53406.28,53419.28,7596
2026-08-20T08:00:00+00:00,53419.28,53457.28,53349.78,53374.28,11437
2026-08-20T09:00:00+00:00,53374.28,53408.78,53369.28,53381.28,8105
2026-08-20T10:00:00+00:00,53381.28,53419.28,53374.78,53417.28,5614
2026-08-20T11:00:00+00:00,53417.28,53428.78,53173.78,53181.78,14154
2026-08-20T12:00:00+00:00,53181.78,53184.78,53013.78,53052.78,22176
2026-08-20T13:00:00+00:00,53052.78,53209.63,52990.78,53136.13,51076
2026-08-20T14:00:00+00:00,53136.13,53176.63,53019.63,53168.63,49247
2026-08-20T15:00:00+00:00,53168.63,53231.63,53001.63,53030.63,40189
2026-08-20T16:00:00+00:00,53030.63,53096.63,53002.13,53076.63,20243
2026-08-20T17:00:00+00:00,53076.63,53077.13,52920.63,52924.63,17298
2026-08-20T18:00:00+00:00,52924.63,52925.63,52824.63,52824.63,15655
2026-08-20T19:00:00+00:00,52824.63,52872.13,52773.63,52802.63,21331
2026-08-20T20:00:00+00:00,52802.63,52816.28,52757.28,52803.03,5422
2026-08-20T22:00:00+00:00,52803.03,52809.73,52780.23,52809.73,2805
2026-08-20T23:00:00+00:00,52809.73,52809.73,52789.73,52804.73,1844
2026-08-21T00:00:00+00:00,52804.73,52831.23,52794.23,52796.23,5781
2026-08-21T01:00:00+00:00,52796.23,52808.23,52768.23,52782.23,4887
2026-08-21T02:00:00+00:00,52782.23,52804.23,52777.23,52792.73,3019
2026-08-21T03:00:00+00:00,52792.73,52809.23,52778.23,52806.23,2112
2026-08-21T04:00:00+00:00,52806.23,52818.23,52788.23,52815.23,2021
2026-08-21T05:00:00+00:00,52815.23,52824.23,52798.23,52812.23,2018
2026-08-21T06:00:00+00:00,52812.23,52859.23,52804.73,52853.73,4081
2026-08-21T07:00:00+00:00,52853.73,52920.73,52834.23,52908.73,5992
2026-08-21T08:00:00+00:00,52908.73,52985.73,52880.23,52968.73,6120
2026-08-21T09:00:00+00:00,52968.73,52993.73,52932.23,52945.23,5328
2026-08-21T10:00:00+00:00,52945.23,52981.73,52935.23,52967.23,4434
2026-08-21T11:00:00+00:00,52967.23,53069.73,52959.73,53047.73,8846
2026-08-21T12:00:00+00:00,53047.73,53162.23,53047.73,53122.23,8341
2026-08-21T13:00:00+00:00,53122.23,53142.08,53007.58,53086.58,40299
2026-08-21T14:00:00+00:00,53086.58,53195.58,53063.58,53167.58,37680
2026-08-21T15:00:00+00:00,53167.58,53256.58,53132.58,53209.08,23734
2026-08-21T16:00:00+00:00,53209.08,53217.58,53121.08,53192.58,18526
2026-08-21T17:00:00+00:00,53192.58,53219.58,53157.58,53200.58,13019
2026-08-21T18:00:00+00:00,53200.58,53312.58,53189.58,53309.58,11497
2026-08-21T19:00:00+00:00,53309.58,53348.58,53272.08,53275.58,17582
2026-08-21T20:00:00+00:00,53275.58,53290.23,53247.23,53265.98,3780
2026-08-23T22:00:00+00:00,53265.98,53317.15,53243.15,53275.15,4055
2026-08-23T23:00:00+00:00,53275.15,53337.65,53268.4,53337.65,2357
2026-08-24T00:00:00+00:00,53337.65,53337.65,53243.15,53287.65,7284
2026-08-24T01:00:00+00:00,53287.65,53343.15,53287.65,53316.65,6519
2026-08-24T02:00:00+00:00,53316.65,53343.15,53296.15,53334.65,5152
2026-08-24T03:00:00+00:00,53334.65,53334.65,53273.15,53279.15,4265
2026-08-24T04:00:00+00:00,53279.15,53284.65,53250.65,53253.15,3863
2026-08-24T05:00:00+00:00,53253.15,53284.65,53235.65,53266.15,3908
2026-08-24T06:00:00+00:00,53266.15,53288.15,53244.65,53259.65,6337
2026-08-24T07:00:00+00:00,53259.65,53287.15,53228.65,53233.65,6864
2026-08-24T08:00:00+00:00,53233.65,53333.65,53227.65,53314.15,8635
2026-08-24T09:00:00+00:00,53314.15,53326.15,53279.65,53289.65,5265
2026-08-24T10:00:00+00:00,53289.65,53293.65,53208.65,53209.15,5576
2026-08-24T11:00:00+00:00,53209.15,53273.65,53159.65,53251.65,12960
2026-08-24T12:00:00+00:00,53251.65,53282.15,53200.15,53243.65,10350
2026-08-24T13:00:00+00:00,53243.65,53491.5,53204.65,53444,48488
2026-08-24T14:00:00+00:00,53444,53494.5,53391.5,53431.5,36664
2026-08-24T15:00:00+00:00,53431.5,53468,53338.5,53462.5,27344
2026-08-24T16:00:00+00:00,53462.5,53517.5,53394.5,53405,16361
2026-08-24T17:00:00+00:00,53405,53434.5,53322,53361.5,18610
2026-08-24T18:00:00+00:00,53361.5,53466.5,53350.5,53437.5,13709
2026-08-24T19:00:00+00:00,53437.5,53471.5,53426.5,53432.5,14709
2026-08-24T20:00:00+00:00,53432.5,53470.65,53424.15,53468.9,3316
2026-08-24T22:00:00+00:00,53468.9,53477.68,53451.42,53459.42,2188
2026-08-24T23:00:00+00:00,53459.42,53461.42,53416.92,53430.42,1797
2026-08-25T00:00:00+00:00,53430.42,53438.92,53393.42,53422.42,4738
2026-08-25T01:00:00+00:00,53422.42,53453.92,53410.42,53441.92,2638
2026-08-25T02:00:00+00:00,53441.92,53447.42,53378.92,53394.42,3560
2026-08-25T03:00:00+00:00,53394.42,53458.42,53393.42,53422.92,3351
2026-08-25T04:00:00+00:00,53422.92,53435.42,53397.92,53406.42,1639
2026-08-25T05:00:00+00:00,53406.42,53438.92,53405.42,53434.92,2093
2026-08-25T06:00:00+00:00,53434.92,53530.42,53430.42,53529.92,4219
2026-08-25T07:00:00+00:00,53529.92,53548.42,53449.92,53464.42,6883
2026-08-25T08:00:00+00:00,53464.42,53584.42,53441.92,53568.42,14641
2026-08-25T09:00:00+00:00,53568.42,53700.42,53555.42,53688.42,11681
2026-08-25T10:00:00+00:00,53688.42,53699.42,53633.42,53659.42,5529
2026-08-25T11:00:00+00:00,53659.42,53722.92,53605.92,53718.92,6788
2026-08-25T12:00:00+00:00,53718.92,53729.42,53616.42,53649.92,7845
2026-08-25T13:00:00+00:00,53649.92,53699.77,53402.27,53424.77,45214
2026-08-25T14:00:00+00:00,53424.77,53501.77,53364.27,53447.27,33932
2026-08-25T15:00:00+00:00,53447.27,53535.77,53429.77,53523.77,21363
2026-08-25T16:00:00+00:00,53523.77,53543.27,53457.77,53522.77,11874
2026-08-25T17:00:00+00:00,53522.77,53528.77,53464.77,53514.77,10322
2026-08-25T18:00:00+00:00,53514.77,53579.27,53505.77,53571.77,9022
2026-08-25T19:00:00+00:00,53571.77,53603.27,53526.77,53566.77,13324
2026-08-25T20:00:00+00:00,53566.77,53597.42,53561.92,53571.67,3067
2026-08-25T22:00:00+00:00,53571.67,53577.19,53557.19,53571.69,2344
2026-08-25T23:00:00+00:00,53571.69,53576.69,53538.69,53553.69,2681
2026-08-26T00:00:00+00:00,53553.69,53576.19,53547.19,53563.69,8962
2026-08-26T01:00:00+00:00,53563.69,53614.19,53544.19,53557.69,5518
2026-08-26T02:00:00+00:00,53557.69,53620.69,53546.19,53604.19,4885
2026-08-26T03:00:00+00:00,53604.19,53634.69,53595.19,53617.19,5426
2026-08-26T04:00:00+00:00,53617.19,53626.69,53563.19,53570.19,3722
2026-08-26T05:00:00+00:00,53570.19,53604.19,53570.19,53583.19,4946
2026-08-26T06:00:00+00:00,53583.19,53642.19,53561.69,53628.69,6792
2026-08-26T07:00:00+00:00,53628.69,53638.69,53568.19,53638.19,10646
2026-08-26T08:00:00+00:00,53638.19,53659.19,53612.69,53643.69,9217
2026-08-26T09:00:00+00:00,53643.69,53654.69,53608.69,53626.19,8580
2026-08-26T10:00:00+00:00,53626.19,53628.69,53571.69,53582.69,6708
2026-08-26T11:00:00+00:00,53582.69,53633.19,53576.19,53604.19,10784
2026-08-26T12:00:00+00:00,53604.19,53714.19,53567.19,53570.69,21645
2026-08-26T13:00:00+00:00,53570.69,53649.04,53500.54,53602.54,45703
2026-08-26T14:00:00+00:00,53602.54,53606.54,53438.04,53464.54,37220
2026-08-26T15:00:00+00:00,53464.54,53504.54,53411.54,53470.04,26689
2026-08-26T16:00:00+00:00,53470.04,53478.54,53382.54,53422.54,19085
2026-08-26T17:00:00+00:00,53422.54,53496.04,53414.54,53459.54,14906
2026-08-26T18:00:00+00:00,53459.54,53483.54,53428.54,53472.54,12000
2026-08-26T19:00:00+00:00,53472.54,53533.04,53451.54,53478.04,18526
2026-08-26T20:00:00+00:00,53478.04,53673.19,53475.19,53672.44,22033
2026-08-26T22:00:00+00:00,53672.44,53764.65,53615.65,53723.15,6870
2026-08-26T23:00:00+00:00,53723.15,53727.65,53696.65,53713.15,2656
2026-08-27T00:00:00+00:00,53713.15,53724.15,53630.65,53635.65,6054
2026-08-27T01:00:00+00:00,53635.65,53678.65,53628.65,53648.65,6143
2026-08-27T02:00:00+00:00,53648.65,53669.65,53647.15,53663.65,2524
2026-08-27T03:00:00+00:00,53663.65,53679.15,53648.65,53650.65,2286
2026-08-27T04:00:00+00:00,53650.65,53653.65,53609.65,53618.65,1870
2026-08-27T05:00:00+00:00,53618.65,53623.65,53559.65,53577.15,3601
2026-08-27T06:00:00+00:00,53577.15,53619.65,53556.65,53616.15,4907
2026-08-27T07:00:00+00:00,53616.15,53616.15,53576.15,53592.15,8552
2026-08-27T08:00:00+00:00,53592.15,53619.65,53470.65,53473.65,8710
2026-08-27T09:00:00+00:00,53473.65,53500.65,53428.65,53456.15,7968
2026-08-27T10:00:00+00:00,53456.15,53458.15,53404.65,53456.65,6547
2026-08-27T11:00:00+00:00,53456.65,53480.65,53423.65,53479.65,10211
2026-08-27T12:00:00+00:00,53479.65,53481.65,53349.15,53350.65,7716
2026-08-27T13:00:00+00:00,53350.65,53555.5,53325.65,53476,46516
2026-08-27T14:00:00+00:00,53476,53654,53402,53610,38420
2026-08-27T15:00:00+00:00,53610,53731.5,53597,53641.5,24417
2026-08-27T16:00:00+00:00,53641.5,53697.5,53607,53691.5,14450
2026-08-27T17:00:00+00:00,53691.5,53697.5,53620,53623,12623
2026-08-27T18:00:00+00:00,53623,53631,53516,53534.5,19736
2026-08-27T19:00:00+00:00,53534.5,53598.5,53521,53578,17456
2026-08-27T20:00:00+00:00,53578,53590.65,53553.15,53560.4,4129
2026-08-27T22:00:00+00:00,53560.4,53574.92,53547.42,53557.92,2606
2026-08-27T23:00:00+00:00,53557.92,53564.92,53525.92,53535.42,1976
2026-08-28T00:00:00+00:00,53535.42,53597.42,53530.92,53595.92,4217
2026-08-28T01:00:00+00:00,53595.92,53649.42,53595.42,53649.42,2446
2026-08-28T02:00:00+00:00,53649.42,53683.42,53629.42,53643.42,2982
2026-08-28T03:00:00+00:00,53643.42,53677.42,53628.92,53646.42,3005
2026-08-28T04:00:00+00:00,53646.42,53647.92,53626.42,53631.92,2489
2026-08-28T05:00:00+00:00,53631.92,53634.42,53605.42,53605.42,3041
2026-08-28T06:00:00+00:00,53605.42,53696.92,53596.92,53695.92,6958
2026-08-28T07:00:00+00:00,53695.92,53705.42,53668.92,53691.42,7659
2026-08-28T08:00:00+00:00,53691.42,53712.42,53636.92,53655.42,7824
2026-08-28T09:00:00+00:00,53655.42,53658.42,53616.42,53631.92,6589
2026-08-28T10:00:00+00:00,53631.92,53635.92,53583.42,53593.42,6213
2026-08-28T11:00:00+00:00,53593.42,53615.42,53568.42,53608.92,7301
2026-08-28T12:00:00+00:00,53608.92,53686.42,53601.42,53666.92,9391
2026-08-28T13:00:00+00:00,53666.92,53734.77,53603.77,53639.77,40805
2026-08-28T14:00:00+00:00,53639.77,53758.77,53485.77,53752.77,79071
2026-08-28T15:00:00+00:00,53752.77,53814.77,53596.27,53617.77,55890
2026-08-28T16:00:00+00:00,53617.77,53674.27,53490.77,53536.27,55422
2026-08-28T17:00:00+00:00,53536.27,53545.77,53468.27,53532.77,39160
2026-08-28T18:00:00+00:00,53532.77,53555.77,53487.77,53522.77,25077
2026-08-28T19:00:00+00:00,53522.77,53575.27,53505.77,53537.77,26634
2026-08-28T20:00:00+00:00,53537.77,53550.92,53511.42,53537.17,5648
2026-08-30T22:00:00+00:00,53537.17,53559.43,53413.68,53498.93,7061
2026-08-30T23:00:00+00:00,53498.93,53502.43,53398.43,53402.43,8461
2026-08-31T00:00:00+00:00,53402.43,53483.43,53379.43,53458.93,7647
2026-08-31T01:00:00+00:00,53458.93,53459.43,53372.93,53387.43,10836
2026-08-31T02:00:00+00:00,53387.43,53420.43,53356.93,53390.43,9270
2026-08-31T03:00:00+00:00,53390.43,53420.93,53386.43,53401.93,3535
2026-08-31T04:00:00+00:00,53401.93,53423.43,53381.93,53414.93,2296
2026-08-31T05:00:00+00:00,53414.93,53465.43,53393.93,53419.43,4974
2026-08-31T06:00:00+00:00,53419.43,53512.43,53404.43,53506.43,4481
2026-08-31T07:00:00+00:00,53506.43,53508.43,53452.43,53472.43,6344
2026-08-31T08:00:00+00:00,53472.43,53509.93,53443.93,53490.93,8322
2026-08-31T09:00:00+00:00,53490.93,53517.93,53463.93,53465.43,5095
2026-08-31T10:00:00+00:00,53465.43,53484.43,53439.93,53479.93,5108
2026-08-31T11:00:00+00:00,53479.93,53508.93,53410.93,53433.93,6198
2026-08-31T12:00:00+00:00,53433.93,53485.43,53332.43,53359.93,13995
2026-08-31T13:00:00+00:00,53359.93,53447.93,53179.28,53212.78,46212
2026-08-31T14:00:00+00:00,53212.78,53261.28,53119.28,53218.78,38033
2026-08-31T15:00:00+00:00,53218.78,53264.28,53185.78,53215.28,26579
2026-08-31T16:00:00+00:00,53215.28,53239.28,53171.78,53220.28,18453
2026-08-31T17:00:00+00:00,53220.28,53262.28,53179.78,53244.78,14037
2026-08-31T18:00:00+00:00,53244.78,53269.28,53173.78,53219.78,16189
2026-08-31T19:00:00+00:00,53219.78,53278.78,53184.28,53203.78,24358
2026-08-31T20:00:00+00:00,53203.78,53251.43,53200.93,53228.18,4020
2026-08-31T22:00:00+00:00,53228.18,53228.18,53177.67,53201.92,1706
2026-08-31T23:00:00+00:00,53201.92,53227.42,53196.92,53219.92,2164
2026-09-01T00:00:00+00:00,53219.92,53276.42,53205.92,53237.42,4646
2026-09-01T01:00:00+00:00,53237.42,53251.92,53196.42,53244.92,4945
2026-09-01T02:00:00+00:00,53244.92,53247.92,53198.42,53222.42,3340
2026-09-01T03:00:00+00:00,53222.42,53223.42,53191.92,53198.42,2273
2026-09-01T04:00:00+00:00,53198.42,53205.42,53167.92,53172.92,1906
2026-09-01T05:00:00+00:00,53172.92,53241.92,53160.92,53229.92,4589
2026-09-01T06:00:00+00:00,53229.92,53233.42,53174.42,53185.92,5665
2026-09-01T07:00:00+00:00,53185.92,53239.92,53097.92,53143.92,11680
2026-09-01T08:00:00+00:00,53143.92,53159.42,52904.42,52913.92,24885
2026-09-01T09:00:00+00:00,52913.92,52922.92,52816.92,52826.92,13286
2026-09-01T10:00:00+00:00,52826.92,52966.42,52803.42,52878.92,11076
2026-09-01T11:00:00+00:00,52878.92,52927.92,52840.42,52851.92,10995
2026-09-01T12:00:00+00:00,52851.92,52870.42,52801.92,52851.92,15446
2026-09-01T13:00:00+00:00,52851.92,52981.77,52797.77,52919.67,49889
2026-09-01T14:00:00+00:00,52919.67,53167.77,52888.77,52974.77,45781
2026-09-01T15:00:00+00:00,52974.77,52994.77,52941.77,52955.77,27212
2026-09-01T16:00:00+00:00,52955.77,52994.77,52730.77,52751.77,33368
2026-09-01T17:00:00+00:00,52751.77,52788.27,52697.27,52754.77,23863
2026-09-01T18:00:00+00:00,52754.77,52797.77,52679.77,52726.27,23730
2026-09-01T19:00:00+00:00,52726.27,52796.77,52707.77,52772.77,28131
2026-09-01T20:00:00+00:00,52772.77,52788.42,52731.92,52783.17,6914
2026-09-01T22:00:00+00:00,52783.17,52794.54,52762.79,52778.54,2268
2026-09-01T23:00:00+00:00,52778.54,52782.54,52770.54,52776.54,1400
2026-09-02T00:00:00+00:00,52776.54,52802.54,52742.54,52742.54,7969
2026-09-02T01:00:00+00:00,52742.54,52754.54,52715.04,52740.04,6918
2026-09-02T02:00:00+00:00,52740.04,52791.54,52729.04,52789.04,3399
2026-09-02T03:00:00+00:00,52789.04,52795.54,52748.54,52757.04,2672
2026-09-02T04:00:00+00:00,52757.04,52764.54,52744.04,52757.54,2271
2026-09-02T05:00:00+00:00,52757.54,52802.54,52747.04,52769.54,4304
2026-09-02T06:00:00+00:00,52769.54,52820.54,52745.54,52819.54,8772
2026-09-02T07:00:00+00:00,52819.54,52863.54,52755.54,52775.54,9910
2026-09-02T08:00:00+00:00,52775.54,52811.04,52702.54,52726.04,9407
2026-09-02T09:00:00+00:00,52726.04,52751.54,52668.04,52696.04,8677
2026-09-02T10:00:00+00:00,52696.04,52711.54,52667.54,52710.04,6682
2026-09-02T11:00:00+00:00,52710.04,52894.54,52660.04,52892.54,13618
2026-09-02T12:00:00+00:00,52892.54,52960.54,52845.54,52852.04,14379
2026-09-02T13:00:00+00:00,52852.04,53050.89,52849.54,53040.39,43624
2026-09-02T14:00:00+00:00,53040.39,53222.39,53030.39,53178.89,42074
2026-09-02T15:00:00+00:00,53178.89,53188.89,52987.89,53058.39,29020
2026-09-02T16:00:00+00:00,53058.39,53058.89,52954.39,52983.89,19500
2026-09-02T17:00:00+00:00,52983.89,53033.39,52947.89,53023.89,17602
2026-09-02T18:00:00+00:00,53023.89,53082.39,52976.89,53008.89,16734
2026-09-02T19:00:00+00:00,53008.89,53099.39,52999.39,53070.89,17605
2026-09-02T20:00:00+00:00,53070.89,53110.04,53068.04,53076.79,4797
2026-09-02T22:00:00+00:00,53076.79,53079.1,53022.6,53072.1,1749
2026-09-02T23:00:00+00:00,53072.1,53095.1,53064.6,53080.6,1734
2026-09-03T00:00:00+00:00,53080.6,53092.6,53067.6,53071.6,3803
2026-09-03T01:00:00+00:00,53071.6,53111.1,53067.1,53083.1,4762
2026-09-03T02:00:00+00:00,53083.1,53122.1,53081.6,53109.6,3052
2026-09-03T03:00:00+00:00,53109.6,53113.1,53095.6,53105.6,2295
2026-09-03T04:00:00+00:00,53105.6,53108.6,53095.6,53102.6,1486
2026-09-03T05:00:00+00:00,53102.6,53145.6,53042.6,53141.6,6638
2026-09-03T06:00:00+00:00,53141.6,53150.6,53071.6,53087.6,5556
2026-09-03T07:00:00+00:00,53087.6,53147.1,53072.6,53121.6,11736
2026-09-03T08:00:00+00:00,53121.6,53234.1,53121.6,53152.1,13772
2026-09-03T09:00:00+00:00,53152.1,53186.1,53087.6,53097.1,8077
2026-09-03T10:00:00+00:00,53097.1,53119.1,53045.1,53078.1,8056
2026-09-03T11:00:00+00:00,53078.1,53182.6,53072.1,53145.1,11877
2026-09-03T12:00:00+00:00,53145.1,53397.1,53135.1,53381.6,17206
2026-09-03T13:00:00+00:00,53381.6,53550.95,53320.1,53497.45,45005
2026-09-03T14:00:00+00:00,53497.45,53508.95,53285.45,53501.95,55011
2026-09-03T15:00:00+00:00,53501.95,53757.45,53487.95,53724.95,36165
2026-09-03T16:00:00+00:00,53724.95,53725.95,53626.45,53669.95,20260
2026-09-03T17:00:00+00:00,53669.95,53724.95,53634.95,53685.95,16301
2026-09-03T18:00:00+00:00,53685.95,53715.95,53667.95,53682.95,13282
2026-09-03T19:00:00+00:00,53682.95,53708.45,53655.95,53689.45,17467
2026-09-03T20:00:00+00:00,53689.45,53692.6,53644.6,53651.35,4212
2026-09-03T22:00:00+00:00,53651.35,53678.08,53651.35,53675.58,1416
2026-09-03T23:00:00+00:00,53675.58,53680.08,53665.58,53677.58,1078
2026-09-04T00:00:00+00:00,53677.58,53705.58,53661.58,53700.58,2586
2026-09-04T01:00:00+00:00,53700.58,53703.08,53685.58,53694.08,2648
2026-09-04T02:00:00+00:00,53694.08,53702.58,53687.58,53697.08,1437
2026-09-04T03:00:00+00:00,53697.08,53697.58,53674.08,53674.58,902
2026-09-04T04:00:00+00:00,53674.58,53693.58,53666.08,53688.58,1199
2026-09-04T05:00:00+00:00,53688.58,53700.58,53674.08,53685.58,1679
2026-09-04T06:00:00+00:00,53685.58,53695.58,53649.58,53653.58,3215
2026-09-04T07:00:00+00:00,53653.58,53685.08,53622.58,53647.58,5511
2026-09-04T08:00:00+00:00,53647.58,53674.58,53619.58,53660.58,5719
2026-09-04T09:00:00+00:00,53660.58,53681.08,53618.08,53624.08,4064
2026-09-04T10:00:00+00:00,53624.08,53662.08,53596.58,53634.08,4258
2026-09-04T11:00:00+00:00,53634.08,53659.58,53612.08,53643.58,4206
2026-09-04T12:00:00+00:00,53643.58,53660.08,53463.08,53522.08,22515
2026-09-04T13:00:00+00:00,53522.08,53604.43,53465.58,53467.93,41675
2026-09-04T14:00:00+00:00,53467.93,53484.93,53271.43,53282.93,40337
2026-09-04T15:00:00+00:00,53282.93,53371.43,53263.43,53346.93,26273
2026-09-04T16:00:00+00:00,53346.93,53448.93,53344.43,53401.93,15563
2026-09-04T17:00:00+00:00,53401.93,53411.93,53335.93,53360.93,16580
2026-09-04T18:00:00+00:00,53360.93,53412.93,53358.43,53383.93,10714
2026-09-04T19:00:00+00:00,53383.93,53394.93,53335.93,53379.93,15323
2026-09-04T20:00:00+00:00,53379.93,53379.93,53169.58,53208.83,5753
2026-09-06T22:00:00+00:00,53208.83,53274.13,53207.38,53268.63,703
2026-09-06T23:00:00+00:00,53268.63,53275.63,53255.63,53267.63,1422
2026-09-07T00:00:00+00:00,53267.63,53287.63,53234.13,53245.13,4548
2026-09-07T01:00:00+00:00,53245.13,53264.13,53226.13,53244.63,3351
2026-09-07T02:00:00+00:00,53244.63,53255.13,53221.13,53222.63,2013
2026-09-07T03:00:00+00:00,53222.63,53241.63,53200.13,53207.13,2699
2026-09-07T04:00:00+00:00,53207.13,53208.63,53155.13,53171.13,2332
2026-09-07T05:00:00+00:00,53171.13,53206.13,53137.13,53158.63,3582
2026-09-07T06:00:00+00:00,53158.63,53199.13,53120.13,53189.63,5399
2026-09-07T07:00:00+00:00,53189.63,53216.13,53126.63,53201.13,10432
2026-09-07T08:00:00+00:00,53201.13,53228.63,53180.63,53218.63,11518
2026-09-07T09:00:00+00:00,53218.63,53227.13,53184.13,53208.63,5780
2026-09-07T10:00:00+00:00,53208.63,53232.13,53118.13,53136.13,6215
2026-09-07T11:00:00+00:00,53136.13,53144.63,53085.63,53100.13,8001
2026-09-07T12:00:00+00:00,53100.13,53159.13,53086.13,53131.63,5964
2026-09-07T13:00:00+00:00,53131.63,53166.48,53088.48,53112.98,8859
2026-09-07T14:00:00+00:00,53112.98,53122.48,52999.48,52999.48,7728
2026-09-07T15:00:00+00:00,52999.48,53067.98,52993.98,53034.98,7744
2026-09-07T16:00:00+00:00,53034.98,53081.48,53026.98,53066.98,3067
2026-09-07T17:00:00+00:00,53066.98,53073.38,53066.98,53073.38,4
2026-09-07T18:00:00+00:00,53073.38,53077.48,53073.38,53077.48,1
2026-09-07T20:00:00+00:00,53077.48,53077.48,53077.13,53077.13,1
2026-09-07T22:00:00+00:00,53077.13,53091.49,53059.74,53072.99,1647
2026-09-07T23:00:00+00:00,53072.99,53112.49,53033.74,53111.49,3111
2026-09-08T00:00:00+00:00,53111.49,53140.99,53029.49,53058.49,7714
2026-09-08T01:00:00+00:00,53058.49,53094.49,53004.99,53094.49,5476
2026-09-08T02:00:00+00:00,53094.49,53099.99,53044.99,53046.49,2889
2026-09-08T03:00:00+00:00,53046.49,53106.99,53046.49,53080.99,2898
2026-09-08T04:00:00+00:00,53080.99,53092.99,53072.99,53076.49,2070
2026-09-08T05:00:00+00:00,53076.49,53080.99,52977.99,52988.99,8035
2026-09-08T06:00:00+00:00,52988.99,52993.99,52913.99,52984.99,11507
2026-09-08T07:00:00+00:00,52984.99,53032.99,52886.49,52905.99,14326
2026-09-08T08:00:00+00:00,52905.99,52963.99,52886.49,52942.99,18144
2026-09-08T09:00:00+00:00,52942.99,53038.99,52920.99,53038.99,9919
2026-09-08T10:00:00+00:00,53038.99,53095.99,52976.99,52984.99,10273
2026-09-08T11:00:00+00:00,52984.99,53017.99,52948.99,53014.99,9276
2026-09-08T12:00:00+00:00,53014.99,53074.99,52919.99,53066.99,12783
2026-09-08T13:00:00+00:00,53066.99,53079.99,52861.34,52872.84,47576
2026-09-08T14:00:00+00:00,52872.84,52899.34,52714.84,52839.84,46387
2026-09-08T15:00:00+00:00,52839.84,52897.84,52819.34,52822.84,28065
2026-09-08T16:00:00+00:00,52822.84,52851.84,52774.84,52823.84,20411
2026-09-08T17:00:00+00:00,52823.84,52904.84,52818.84,52882.84,16043
2026-09-08T18:00:00+00:00,52882.84,52906.84,52731.34,52771.84,20214
2026-09-08T19:00:00+00:00,52771.84,52859.34,52739.84,52794.84,24928
2026-09-08T20:00:00+00:00,52794.84,52799.99,52739.99,52764.24,6585
2026-09-08T22:00:00+00:00,52764.24,52796.86,52764.24,52795.86,1743
2026-09-08T23:00:00+00:00,52795.86,52798.36,52743.36,52748.86,1820
2026-09-09T00:00:00+00:00,52748.86,52791.86,52740.86,52774.36,5549
2026-09-09T01:00:00+00:00,52774.36,52777.86,52737.86,52746.86,3695
2026-09-09T02:00:00+00:00,52746.86,52746.86,52746.86,52746.86,0
